word	parts
a	adj|adv|conj|det|interj|n|num|phrase|prep|pron|v
abandon	n|v
abandoned	adj|v
abandonment	n
abase	v
abash	v
abashed	adj|v
abate	adj|n|v
abbreviate	adj|n|v
abbreviation	n
abdicate	v
abdomen	n
abduct	v
aberrant	adj|n
aberration	n
abet	n|v
abeyance	n
abhor	v
abhorrent	adj
abide	v
abiding	adj|n|v
ability	n
abject	adj|n|v
abjure	v
ablaze	adj|adv
able	adj|n|v
ablution	n
abnegate	v
abnegation	n
abnormal	adj|n
aboard	adv|prep
abolish	v
abolition	n
abolitionist	adj|n
abominate	adj|v
aboriginal	adj|n
abort	n|v
abortion	n
abortive	adj|n|v
abound	v
about	adj|adv|prep|v
above	adj|adv|n|prep
aboveboard	adj
abrade	v
abrasion	n
abrasive	adj|n
abreast	adj|adv|prep
abridge	n|v
abroad	adj|adv|n|prep
abrogate	adj|v
abrupt	adj|n|v
abscission	n
abscond	v
absence	n
absent	adj|n|prep|v
absentee	n
absenteeism	n
absolute	adj|n
absolutely	adv|interj
absolve	v
absorb	v
absorbing	adj|n|v
absorption	n
abstain	v
abstemious	adj
abstention	n
abstentious	adj
abstinence	n
abstinent	adj|n
abstract	adj|n|v
abstraction	n
abstruse	adj
absurd	adj|n
abundance	n
abundant	adj
abundantly	adv
abuse	n|v
abusive	adj
abut	v
abysmal	adj
abyss	n
academic	adj|n
academician	n
academy	n
acarpous	adj
accede	v
accelerate	adj|v
accelerated	adj|v
accelerating	n|v
acceleration	n
accent	n|v
accentuate	v
accept	adj|n|v
acceptable	adj|n
acceptance	n
access	n|v
accessary	adj|n
accessibility	n
accessible	adj
accessory	adj|n
accident	adj|n
accidental	adj|n
accidentally	adv
accidents	n
acclaim	n|v
acclaimed	adj|v
acclimate	v
accolade	n|v
accommodate	adj|v
accommodating	adj|v
accommodation	n
accommodations	n
accompaniment	n
accompany	v
accompanying	adj|n|v
accomplice	n
accomplish	v
accomplished	adj|v
accomplishment	n
accord	n|v
accordance	n
accordingly	adv
accordion	n|v
accost	n|v
account	n|v
account for	v
accountability	n
accountant	adj|n
accountants	n
accounting	n|v
accredit	v
accrete	adj|v
accretion	n
accrue	n|v
accumulate	adj|v
accumulation	n
accuracy	n
accurate	adj
accusation	n
accuse	n|v
accuser	n
accustom	n|v
accustomed	adj|v
acerbic	adj
acerbity	n
ache	n|v
achieve	v
achievement	n
achromatic	adj
acid	adj|n
acidic	adj
acidity	n
acknowledge	v
acme	n
acolyte	n
acorn	n
acoustic	adj|n
acoustical	adj
acquaint	adj|v
acquaintance	n
acquainted	adj|v
acquiesce	v
acquire	v
acquired	adj|v
acquisition	n
acquisitive	adj
acquit	v
acquittal	n
acre	n
acrid	adj
acrimonious	adj
acrimony	n
acrobat	n|v
acronym	n|v
acrophobia	n
across	adv|n|prep
act	adv|n|v
acting	adj|n|v
action	adj|interj|n|v
actions	n|v
activate	v
active	adj|n
actively	adv
activities	n
activity	n
actor	n
actress	n
actual	adj|n
actually	adv|interj
actuarial	adj
actuate	v
acuity	n
acumen	n
acupuncture	n|v
acute	adj|n|v
ad	adj|adv|n|prep
adage	n
adamant	adj|n
adapt	adj|v
adaptable	adj
adaptation	n
adaptive	adj
add	n|v
addendum	n
addict	adj|n|v
addicted	adj|v
addictive	adj|n
addition	n
additional	adj|n
additive	adj|n
addle	adj|n|v
address	n|v
adduce	v
adept	adj|n
adequate	adj|det|v
adhere	v
adherence	n
adherent	adj|n
adhesive	adj|n
adjacent	adj|n|prep
adjective	adj|n|v
adjoin	v
adjoining	adj|v
adjourn	v
adjudicate	v
adjunct	adj|n|v
adjust	v
adjustable	adj|n
adjustment	n
adlib	n|v
administer	v
administrate	v
administration	n
administrative	adj
administrator	n
admirable	adj
admiration	n
admire	n|v
admission	n
admit	v
admittedly	adv
admonish	v
adobe	n
adolescence	n
adolescent	adj|n
adopt	n|v
adoption	n
adore	v
adorn	adj|n|v
adornment	n
adroit	adj
adulate	v
adult	adj|n|v
adulterate	adj|v
adulteration	n
adults	n|v
adumbrate	v
advance	adj|n|v
advanced	adj|v
advancement	n
advantage	n|v
advantageous	adj
advantages	n|v
advent	n|v
adventitious	adj
adventure	n|v
adventurer	n
adventurous	adj
adverb	n|v
adverse	adj
adversely	adv
adversity	n
advert	n|v
advertise	v
advertisement	n
advertisements	n
advertising	n|v
advice	n|v
advisable	adj
advise	n|v
advocacy	n
advocate	n|v
aegis	n
aerate	v
aerial	adj|n
aerodynamics	n
aeronautics	n
aeroplane	n|v
aerospace	adj|n
aesthete	n
aesthetic	adj|n
aesthetical	adj
affable	adj
affair	n
affairs	n
affect	n|v
affectation	n
affected	adj|n|v
affection	n|v
affectionate	adj|v
affective	adj
affidavit	n|v
affiliate	n|v
affiliation	n
affinity	n
affirm	interj|v
affix	n|v
afflict	v
affliction	n
affluence	n
affluent	adj|n
afford	v
affordable	adj
affront	n|v
afraid	adj
africa	n
african	adj|n
after	adj|adv|conj|n|prep
aftermath	n
afternoon	adv|interj|n
afterward	adv
again	adv|prep
against	conj|prep
agape	adj|adv|n
age	n|v
aged	adj|n|v
agencies	n
agency	n
agenda	n
agent	n
agglomerate	adj|n|v
aggrandize	v
aggravate	adj|v
aggravating	adj|v
aggregate	adj|n|v
aggregation	n
aggression	n
aggressive	adj|n
aggressiveness	n
aggressor	n
aggrieve	v
aghast	adj
agile	adj|n
agility	n
agitate	v
agitated	adj|v
agitation	n
aglow	adj
agnostic	adj|n
ago	adj|n
agog	adj|adv
agonize	v
agony	n
agrarian	adj|n
agree	v
agreeable	adj|n
agreement	n
agricultural	adj|n
agriculture	n
agronomy	n
ahead	adv
aid	n|v
aids	adj|n|v
ail	adj|n|v
ailment	n
aim	n|v
air	n|v
airborne	adj|n
aircraft	n
airline	n
airmail	n|v
airplane	n|v
airport	n
airsickness	n
airspace	n
airtight	adj
aisle	n
ajar	adj|adv|n|v
akin	adj|n|v
alabaster	adj|n
alacrity	n
alarm	n|v
alas	interj|n
alaska	n
albeit	conj
albino	adj|n
album	n
alchemy	n
alcohol	n
alcoholic	adj|n
alcove	n
alder	n
alert	adj|n|v
algae	n
algebra	n
alias	adv|n|v
alibi	n|v
alien	adj|n|v
alienate	adj|n|v
alight	adj|adv|v
align	v
alignment	n
alike	adj|adv|n
alimentary	adj
alive	adj
alkali	n
all	adj|adv|conj|det|n|pron
allay	n|v
allegation	n
allege	v
allegiance	n
allegory	n|v
allergic	adj|n
allergy	n
alleviate	v
alley	n
alliance	n|v
allied	adj|v
alligator	interj|n|v
alliterate	v
alliteration	n
allocate	adj|n|v
allot	adv|n|v
allow	v
allowance	n|v
alloy	n|v
allude	v
allure	n|v
alluring	adj|n|v
allusion	n
ally	n|v
almond	adj|n
almost	adv|n
alms	n
aloft	adv
alone	adj|adv
along	adv|prep
alongside	adv|prep
aloof	adj|adv|prep
aloud	adj|adv
alphabet	n|v
alphabetical	adj|n
already	adv
also	adv|conj
alter	n|v
alteration	n
alternate	adj|n|v
alternately	adv
alternation	n
alternative	adj|n
although	conj
altitude	n
altogether	adv|n
altruism	n
altruistic	adj
aluminium	n
aluminum	n
alumnus	n
always	adv|n
am	adj|adv|n|phrase|v
amalgam	n|v
amalgamate	adj|n|v
amass	n|v
amateur	adj|n
amateurish	adj
amaze	adj|n|v
amazement	n
amazing	adj|v
ambassador	n
ambidextrous	adj
ambience	n
ambient	adj|n
ambiguity	n
ambiguous	adj
ambition	n|v
ambitious	adj
ambivalence	n
ambivalent	adj
amble	n|v
ambrosial	adj
ambulance	n|v
ambulatory	adj|n
ambush	n|v
ameliorate	v
amenable	adj
amend	n|v
amendment	n
amends	n|v
amenity	n
america	n
american	adj|n
amethyst	adj|n
amiable	adj
amicable	adj
amid	n|prep
amidst	prep
amiss	adj|adv|n
amity	n
ammunition	n|v
amnesia	n
amnesty	n|v
among	adv|prep
amongst	prep
amoral	adj
amorphous	adj
amortize	v
amount	n|v
ampere	n
amphibian	adj|n
ample	adj|det
amplification	n
amplifier	n
amplify	v
amplitude	n
amputate	v
amulet	n
amuse	v
amusement	n
anachronistic	adj
anaerobic	adj
anagram	n|v
analgesia	n
analgesic	adj|n
analogous	adj
analogue	adj|n
analogy	n
analyse	v
analysis	n
analyst	n
analytic	adj
analytical	adj
analyze	v
anarchist	adj|n
anarchy	n
anathema	n
anatomical	adj
anatomy	n
ancestor	n|v
ancestral	adj|n
ancestry	n
anchor	n|v
ancient	adj|n
ancillary	adj|n
and	adj|conj|n|v
anecdotal	adj
anecdote	n|v
anemia	n
anemic	adj|n
anesthesia	n
anesthetic	adj|n
angel	n|v
anger	n|v
angle	n|v
angry	adj|n|v
anguish	n|v
angular	adj|n
anhydrous	adj
animal	adj|n
animals	n
animate	adj|v
animated	adj|v
animation	n
animosity	n
animus	n
ankle	n|v
annals	n
annex	n|v
annexation	n
annihilate	v
anniversary	n
annotate	v
announce	v
announcement	n
announcer	n
annoy	n|v
annoying	adj|n|v
annual	adj|n
annually	adv
annuity	n
annul	v
anode	n
anodyne	adj|n
anomalous	adj
anomaly	n
anonymity	n
anonymous	adj|n
anorexia	n
another	det|pron
answer	n|v
ant	n|v
antagonism	n
antagonist	n
antagonize	v
antarctic	adj|n
antarctica	n
antecedence	n
antecedent	adj|n
antedate	n|v
antediluvian	adj|n
antenna	n
anterior	adj
anthem	n|v
anthology	n
anthropoid	adj|n
anthropologist	n
anthropology	n
antibiotic	adj|n
antibiotics	n
antibody	n
antic	adj|n|v
anticipate	v
anticipation	n
anticipatory	adj|n
anticlimax	n
antidote	n|v
antihistamine	n
antipathy	n
antiquate	v
antiquated	adj|v
antique	adj|n|v
antiquity	n
antiseptic	adj|n
antisocial	adj|n
antithesis	n
antonym	n
anvil	n|v
anxiety	n
anxious	adj
any	adv|det|pron
anybody	pron
anyhow	adj|adv
anyone	pron
anything	adv|n|pron|v
anyway	adv
anywhere	adv|n|pron
aorta	n
apart	adj|adv
apartment	n
apathetic	adj|n
ape	adj|n|v
aperture	n
apes	n|v
apex	n
aphorism	n|v
apiary	n
aplomb	n
apocalyptic	adj|n
apocrypha	n
apocryphal	adj
apogee	n
apologetic	adj|n
apologise	v
apologize	v
apology	n
apoplectic	adj|n
apostasy	n
apostate	adj|n
apostrophe	n
apothecary	n
apothegm	n
apotheosis	n
appal	v
appall	v
apparatus	n
apparel	n|v
apparent	adj
apparition	n
appeal	n|v
appealing	adj|n|v
appear	v
appearance	n
appease	v
appellation	n
appendage	n
appendix	n
appetite	n
appetizer	n
appetizing	adj|n|v
applaud	n|v
applause	n|v
apple	n|v
appliance	n
applicable	adj
applicant	n
application	n
applied	adj|v
apply	adj|v
appoint	v
appointment	n
apportion	v
apposite	adj|n
appraisal	n
appraise	v
appreciable	adj
appreciate	v
appreciation	n
apprehend	v
apprehension	n
apprehensive	adj|n
apprentice	n|v
apprise	v
approach	n|v
approaches	n|v
approaching	adj|adv|n|v
approbation	n
appropriate	adj|v
appropriation	n
approval	n
approve	v
approximate	adj|n|v
approximately	adv
april	n
apron	n|v
apropos	adj|adv|n|prep
apt	adj|n
aptitude	n
aptly	adv
aquamarine	adj|n
aquarium	n
aquatic	adj|n
aqueduct	n
aquifer	n
aquiline	adj
arab	adj|n
arabesque	n|v
arabian	adj|n
arabic	adj|n
arable	adj|n
arachnid	n
arbiter	n|v
arbitrary	adj|n
arbitrate	v
arbitration	n
arbitrator	n
arboreal	adj|n
arboretum	n
arc	adj|n|v
arcane	adj
arch	adj|n|v
archaeological	adj
archaeology	n
archaic	adj|n
archer	adj|n
archetype	n|v
archipelago	n|v
architect	n|v
architectural	adj
architecture	n
archive	n|v
archives	n|v
arctic	adj|n
ardent	adj
ardor	n
arduous	adj
are	det|n|v
area	n
areas	n
arena	n
argot	n
argue	n|v
argument	n|v
aria	n
arid	adj
arise	n|v
aristocracy	n
aristocrat	n
arithmetic	adj|n
arm	adj|n|v
armada	n
armament	n
armchair	adj|n|v
armistice	n
armor	n|v
armored	adj|v
armory	n
armour	n|v
arms	n|v
army	n
aroma	n
aromatic	adj|n
around	adj|adv|prep
arouse	v
arraign	n|v
arrange	n|v
arrangement	n
array	n|v
arrest	n|v
arresting	adj|v
arrhythmic	adj
arrival	n
arrive	v
arrogance	n
arrogant	adj
arrogate	v
arrow	n|phrase|v
arroyo	n
arsenal	n
arson	n|v
art	n|v
artery	n
arthritis	n
article	n|v
articles	n|v
articulate	adj|n|v
artifact	n
artifacts	n
artifice	n|v
artificial	adj
artillery	n
artisan	adj|n
artist	adj|n
artistic	adj|adv
artistry	n
artless	adj
as	adv|conj|n|phrase|prep
ascend	v
ascendancy	n
ascending	adj|n|v
ascent	n
ascertain	v
ascetic	adj|n
ascribe	v
aseptic	adj|n
ash	adv|n|v
ashamed	adj|v
ashore	adv
asia	n
asian	adj|n
aside	adj|adv|n
asinine	adj
ask	n|v
askance	adj|adv|v
askew	adj|adv|n
asleep	adj
asparagus	n
aspect	n|v
aspen	adj|n
asperity	n
aspersion	n
asphalt	n|v
asphyxia	n
asphyxiate	v
aspirant	adj|n
aspiration	n
aspire	v
aspirin	n
aspiring	adj|n|v
ass	adj|n|phrase
assail	v
assassin	n|v
assassinate	n|v
assassination	n
assault	n|v
assay	n|v
assemblage	n
assemble	v
assembly	n
assent	n|v
assert	n|v
assertive	adj
assertiveness	n
assess	v
assessment	n
asset	n
assiduous	adj
assign	n|v
assignment	n
assignments	n
assimilate	adj|n|v
assimilation	n
assist	n|v
assistance	n
assistant	adj|n
assistantship	n
associate	adj|n|v
association	n
assorted	adj|v
assortment	n
assuage	v
assume	v
assumption	n
assurance	n
assure	v
assured	adj|n|v
assuredly	adv
asterisk	n|v
asteroid	n
asthma	n
astigmatic	adj|n
astonish	v
astonished	adj|v
astonishing	adj|v
astonishment	n
astound	adj|v
astounding	adj|v
astray	adv
astringent	adj|n
astrolabe	n
astrology	n
astronaut	n
astronomer	n
astronomical	adj
astronomy	n
astute	adj
asunder	adj|adv|v
asylum	n|v
asymmetric	adj
asymmetrical	adj
at	adj|n|prep|pron|v
atheism	n
atheist	adj|n|v
athens	n
athlete	n
athletic	adj|n
athletics	n
atlantic	adj|n
atlas	n
atmosphere	n
atmospheric	adj
atom	n
atomic	adj|n
atomization	n
atonal	adj
atone	v
atrocious	adj
atrocity	n
atrophy	n|v
attach	v
attached	adj|v
attachment	n
attack	adj|n|v
attacks	n|v
attain	n|v
attainment	n
attempt	n|v
attempts	n|v
attend	v
attendance	n
attendant	adj|n
attent	adj|n
attention	interj|n
attentive	adj
attentively	adv
attenuate	adj|v
attest	v
attic	adj|n
attire	n|v
attitude	n|v
attorney	n|v
attract	v
attraction	n
attractive	adj
attribute	n|v
attrition	n|v
attune	v
auction	n|v
audacious	adj
audible	adj|n|v
audience	n
audio	adj|n
audit	n|v
audition	n|v
auditor	n
auditorium	n
auditory	adj|n
auger	n|v
augment	n|v
augmentation	n
augur	n|v
augury	n
august	adj|n|v
aunt	n
aura	n
aural	adj
aureole	n|v
auricular	adj|n
aurora	n
auspice	n|v
auspices	n
auspicious	adj
austere	adj
austerity	n
australia	n
australian	adj|n
authentic	adj
authenticate	adj|v
authenticity	n
author	n|v
authoritarian	adj|n
authoritative	adj
authority	n
authorization	n
authorize	v
auto	adj|n|v
autobiographical	adj
autobiography	n
autocracy	n
autocrat	n
automate	v
automated	adj|v
automatic	adj|n
automatically	adv
automation	n
automobile	adj|n|v
automotive	adj|n
autonomous	adj
autonomy	n
autopsy	n|v
autumn	adj|n|v
auxiliary	adj|n
avail	adj|n|v
availability	n
available	adj
avalanche	n|v
avant-garde	adj|n
avarice	n
avaricious	adj
avenge	n|v
avenue	n
aver	n|v
average	adj|n|v
averse	adj|v
aversion	n
avert	v
aviary	n
aviation	n
aviator	n
avid	adj
avocation	n
avocational	adj
avoid	v
avoidable	adj|n
avoidance	n
avouch	n|v
avow	n|v
avowal	n
avuncular	adj
await	n|v
awake	adj|v
award	n|v
aware	adj|v
awareness	n
away	adj|adv|interj|v
awe	n|v
awe-inspiring	adj|v
awesome	adj|n
awful	adj|adv|n
awfully	adv
awkward	adj|n
awkwardly	adv
awl	adj|n
awning	n
awry	adj|adv
ax	n|v
axe	n|v
axial	adj|n
axiom	n
axis	n
axle	n
azure	adj|n|v
b.c.	adv|n
babble	n|v
baboon	n
baby	adj|n|v
baby-sitter	n
bacchanal	adj|n
bachelor	n
back	adj|adv|n|v
backache	n
backbone	n
backdrop	n|v
background	adj|n|v
backhanded	adj|adv|v
backpack	n|v
backset	n|v
backslide	n|v
backward	adj|adv|n|v
backwater	n|v
bacon	n
bacteria	n
bacterium	n
bad	adj|adv|interj|n|v
badge	n|v
badger	n|v
badinage	n|v
badly	adj|adv
badminton	n
baffle	n|v
bag	n|v
baggage	n
bail	n|v
bait	adj|n|v
bake	n|v
bakery	n
balance	n|v
balanced	adj|v
balcony	n
bald	adj|n|v
baldness	n
bale	n|v
baleful	adj
balk	n|v
balky	adj
ball	interj|n|v
ballad	n|v
ballast	n|v
ballerina	n
ballet	n|v
balloon	n|v
balloonist	n
ballot	n|v
ballpoint	n
ballroom	n|v
balm	n|v
balmy	adj
bamboo	adj|n|v
bamboozle	n|v
ban	n|v
banal	adj
banana	adj|n
band	n|v
bandage	n|v
bandanna	n
bandit	n|v
bandleader	n
bandmaster	n
bands	n|v
bandy	adj|n|v
bane	n|v
bang	adv|interj|n|v
banish	v
banister	n|v
bank	n|v
banker	n
banking	n|v
bankrupt	adj|n|v
bankruptcy	n
banner	adj|n|v
banquet	n|v
banter	n|v
bar	adj|adv|n|prep|v
barb	n|v
barbarian	adj|n
barbarous	adj
barbecue	n|v
barber	n|v
barbershop	n|v
bard	n|v
bare	adj|adv|n|v
barefaced	adj
barely	adv
bargain	n|v
barge	n|v
bark	interj|n|v
barley	n
barn	n|v
barometer	n
baron	n
baroque	adj|n
barrage	n|v
barrel	n|v
barren	adj|n
barrenness	n
barricade	n|v
barrier	n|v
barrister	n
barter	n|v
base	adj|n|v
baseball	n
basement	n
bashful	adj
basic	adj|n
basically	adv
basin	n|v
basis	n
bask	n|v
basket	n|v
basketball	n|v
bassoon	n|v
baste	n|v
bat	n|v
batch	adj|n|v
bath	n|v
bathe	n|v
bather	n
bathetic	adj
bathrobe	n
bathroom	n|v
bathtub	n
baton	n|v
battalion	n|v
batter	n|v
battery	n
battle	adj|n|v
battleground	n
bauble	n
bauxite	n
bawdy	adj|n
bawl	n|v
bay	adj|n|v
bazaar	n
be	adj|n|prep|v
beach	n|v
beacon	n|v
bead	n|v
beaded	adj|v
beak	n|v
beam	n|v
bean	n|v
beancurd	n
bear	adj|n|v
beard	n|v
bearing	adj|n|v
beast	adj|n|v
beat	adj|n|v
beatific	adj
beats	n|v
beautiful	adj|n
beauty	adj|interj|n|v
beaver	n|v
because	adv|conj|interj|prep
beckon	n|v
become	v
becoming	adj|n|v
bed	n|v
bedclothes	n
beddings	n
bedeck	v
bedizen	v
bedlam	n
bedraggled	adj|v
bedrock	n|v
bedroom	n
beds	n|v
bedsit	n
bee	n|v
beef	adj|n|v
beehive	n|v
beer	n|v
beet	n|v
beetle	adj|n|v
before	adv|conj|n|prep
beforehand	adj|adv
befuddle	v
befuddlement	n
beg	n|v
beget	v
beggar	n|v
begin	n|v
beginner	n
beginners	n
beginning	adj|n|v
begrudge	v
beguile	v
behalf	n
behave	v
behavior	n
behaviour	n
behind	adj|adv|n|prep
behold	interj|v
beholden	adj
beholder	n
behoove	v
being	conj|n|v
belabor	v
belated	adj|v
belch	n|v
beleaguer	v
belgium	n
belie	v
belief	n
believe	v
believer	n
belittle	v
bell	n|v
bellicose	adj
belligerence	n
belligerent	adj|n
bellows	n|v
bellwether	n
belly	n|v
belong	prep|v
belongings	n
beloved	adj|n|v
below	adv|n|prep
belt	n|v
belts	n|v
bemused	adj|v
bench	n|v
bend	n|v
beneath	adv|prep
benediction	n
benefactor	n
beneficial	adj|n
beneficiary	adj|n
benefit	n|v
benefits	n|v
benevolent	adj
benign	adj
benison	n
bent	adj|n|v
bequeath	v
bequest	n|v
berate	v
bereave	v
bereft	adj|v
berlin	n
berry	n|v
berserk	adj|n|v
berth	n|v
beseech	n|v
beset	v
beside	adv|prep
besides	adv|prep
besiege	v
besmirch	v
bespeak	n|v
best	adj|adv|n|v
bestial	adj|n
bestow	n|v
bet	interj|n|prep|v
betoken	v
betray	v
betroth	v
better	adj|adv|n|v
between	n|prep
beverage	n
beware	v
bewilder	v
bewildering	adj|n|v
beyond	adv|n|prep
bias	adj|adv|n|v
biased	adj|v
bible	n
bibliography	n
bibliophile	n
bibulous	adj
bicameral	adj
bicker	n|v
bicycle	n|v
bicycles	n|v
bid	adv|n|v
bidding	n|v
biennial	adj|n
bifurcate	adj|v
big	adj|adv|n|phrase|v
bigot	n
bigoted	adj
bigotry	n
bike	n|v
bilateral	adj|n
bile	n|v
bilingual	adj|n
bilious	adj
bilk	n|v
bill	n|v
billion	num
billow	n|v
billowy	adj
bin	n|phrase|v
bind	n|v
bingo	adj|interj|n|v
biochemistry	n
biographer	n
biography	n|v
biological	adj|n
biologist	n
biology	n
biosphere	n
biotech	n
biped	n
bipedal	adj
bird	adj|n|v
birdcage	n
birds	n
birmingham	n
birth	adj|n|v
birthday	n|v
birthplace	n
biscuit	n|v
bishop	n|v
bison	n
bit	adj|n|v
bite	n|v
bitter	adj|adv|n|v
bitterly	adv
bitterness	n
bitumen	n|v
bizarre	adj|n
black	adj|n|v
blackball	n|v
blackboard	n|v
blackmail	n|v
blacksmith	n|v
blade	n|v
blame	adj|n|v
blanch	n|v
bland	adj|n|v
blandishment	n
blank	adj|n|v
blanket	adj|n|v
blare	n|v
blasphemy	n
blast	interj|n|v
blatant	adj
blaze	n|v
blazing	adj|n|v
blazon	n|v
bleach	adj|n|v
bleachers	n
bleak	adj|n
bleed	n|v
blemish	n|v
blend	n|v
bless	interj|n|v
blessing	n|v
blight	n|v
blighted	adj|v
blind	adj|adv|n|v
blinds	n|v
blink	n|v
bliss	n
blissful	adj
blithe	adj|n
blizzard	n|v
bloated	adj|v
bloc	n
block	n|v
blockade	n|v
blockage	n
blocks	n|v
blond	adj|n|v
blonde	adj|n|v
blood	n|v
bloody	adj|adv|n|v
bloom	n|v
blooming	adj|adv|n|v
blossom	n|v
blot	n|v
blotch	n|v
blouse	n|v
blow	adj|interj|n|v
blowhard	n
bludgeon	n|v
blue	adj|n|v
blueprint	n|v
blues	n|v
bluff	adj|n|v
blunder	n|v
blunt	adj|n|v
bluntly	adv
blur	adj|n|v
blurb	n|v
blurt	n|v
blush	n|v
bluster	n|v
blustering	adj|n|v
board	n|v
boarder	n
boardinghouse	n
boast	n|v
boastful	adj
boat	n|v
boating	n|v
bode	n|v
bodily	adj|adv|n
boding	adj|n|v
body	n|v
bodyguard	n|v
bog	adj|n|v
boggle	n|v
bogus	adj|n
bohemian	adj|n
boil	n|v
boiler	n
boisterous	adj
bold	adj|n|v
bolster	n|v
bolt	adv|n|v
bomb	adj|n|phrase|v
bombardment	n
bombast	adj|n|v
bombastic	adj
bonanza	n
bond	adj|n|v
bondage	n
bone	adj|adv|n|v
bones	n|v
bonhomie	n
bonnet	n|v
bonus	n|v
boo	interj|n|v
book	n|v
bookcase	n
booking	n|v
bookkeeper	n
booklet	n
booklist	n
bookmark	n|v
books	n|v
bookshelf	n
bookshop	n
bookstore	n
boom	interj|n|v
boon	adj|n
boor	n
boost	n|v
boot	n|v
booth	n
bootless	adj
boots	adv|n|v
border	n|v
bore	n|v
bored	adj|v
boredom	n
boring	adj|n|v
born	adj|n|v
borrow	n|v
bosom	adj|n|v
boss	adj|n|v
botanical	adj|n
botany	n
botch	n|v
both	conj|det|n|pron
bother	interj|n|v
bottle	n|v
bottleneck	n|v
bottom	adj|n|v
bough	n
boulder	n|v
bounce	n|v
bound	adj|n|v
boundary	n
boundless	adj
bounteous	adj
bounty	n|v
bouquet	n
bourgeois	adj|n|v
bout	n|prep|v
bovine	adj|n
bow	interj|n|v
bowdlerize	v
bowel	n|v
bower	n|v
bowl	n|v
bowlegged	adj
bowling	n|v
bowls	n|v
box	n|v
boxing	n|v
boy	adj|interj|n|v
boycott	n|v
brace	n|v
bracelet	n|v
bracing	adj|n|v
bracket	n|v
brackish	adj
brag	adj|adv|n|v
braggadocio	n
braggart	adj|n
braid	adj|n|v
brain	n|v
brake	n|v
branch	n|v
brand	n|v
brandish	n|v
brandy	n|v
brash	adj|n|v
brass	adj|n|v
brassy	adj|n
brat	adj|n|v
brattish	adj|n|v
bravado	n|v
brave	adj|n|v
bravery	n
bravura	adj|n
brawl	n|v
brawling	adj|n|v
brawny	adj
bray	n|v
brazen	adj|v
breach	n|v
bread	n|v
breadth	n
break	n|v
breakdown	n
breakfast	n|v
breakthrough	adj|n
breakup	n
breast	n|v
breath	adj|n|v
breathe	v
breathing	adj|n|v
breathless	adj
breathtaking	adj
breed	n|v
breeding	adj|n|v
breeze	n|v
breezeway	n
brew	n|v
brewery	n
bribe	n|v
brick	adj|n|v
bricklayer	n
bride	n|v
bridegroom	n
bridge	n|v
bridle	n|v
brief	adj|adv|n|v
briefcase	n
bright	adj|adv|n|v
brighten	v
brightness	n
brilliance	n
brilliant	adj|n|v
brilliantly	adv
brim	adj|n|v
brindled	adj|v
bring	interj|n|v
bring about	v
brink	n
briny	adj|n
brisk	adj|n|v
briskness	n
bristle	n|v
bristol	n
britain	adj|n
british	adj|n
brittle	adj|n|v
broach	n|v
broad	adj|n
broad-brimmed	
broadcast	adj|adv|n|v
broaden	n|v
brocade	n|v
brochure	n
brochures	n
broil	n|v
broken	adj|n|v
broker	adj|n|v
bromide	n
bronze	adj|n|v
brooch	n|v
brood	adj|n|v
brook	n|v
broom	interj|n|v
brother	interj|n|v
brotherhood	n
brothers	n|v
brow	n|v
browbeat	v
brown	adj|n|v
brownish	adj
browse	n|v
bruise	n|v
bruit	n|v
brunch	n|v
brunt	n|v
brush	n|v
brusque	adj|n|v
brutal	adj
brute	adj|n|v
bubble	n|v
buck	n|v
bucket	n|v
buckle	n|v
bucolic	adj|n
bud	n|v
buddhism	n
buddhist	adj|n
buddy	adj|n|pron|v
budge	adj|n|v
budget	adj|n|v
buffalo	n|v
buffer	adj|n|v
buffet	n|v
buffoon	n|v
bug	adj|n|v
bugaboo	n
buggy	adj|n
bugle	adj|n|v
build	n|v
building	n|v
buildings	n
bulb	n|v
bulge	n|v
bulk	adj|n|v
bulky	adj
bull	adj|n|v
bullet	n|v
bulletin	interj|n|v
bullion	n
bully	adj|interj|n|v
bumble	n|v
bumblebee	n
bump	interj|n|v
bumper	adj|n|v
bumptious	adj
bun	n|v
bunch	n|v
bundle	n|v
bungalow	n
bungle	n|v
bunk	adj|n|v
buoy	n|v
buoyant	adj
burden	n|v
burdensome	adj
bureau	n
bureaucracy	n
bureaucratic	adj
burgeon	n|v
burger	n
burglar	n|v
burial	n
burlesque	adj|n|v
burn	n|v
burner	n
burning	adj|n|v
burnish	n|v
burrow	n|v
burst	n|v
bury	n|v
bus	n|v
bush	adj|adv|n|v
bushel	n|v
business	adj|n
businessman	n
businesswoman	n
bust	adj|n|v
bustle	n|v
busy	adj|n|v
but	adv|conj|n|prep|v
butcher	adj|n|v
butt	n|v
butter	n|v
butterfly	n|v
button	n|v
buttress	n|v
buxom	adj
buy	n|v
buzz	n|v
buzzer	n
by	adj|adv|interj|n|prep
by-product	n
bye	adj|interj|n|prep
byline	n|v
bypass	n|v
byproduct	n
bystander	n
byword	n
byzantine	adj|n
cab	n|v
cabal	n|v
cabbage	n|v
cabin	n|v
cabinet	n
cabinetmaker	n
cable	n|v
cache	n|v
cachet	n|v
cacophonous	adj
cacophony	n
cacti	n
cactus	adj|n
cadaver	n
cadence	n|v
cadet	n
cadge	n|v
cafe	n
cafeteria	n
cage	n|v
cages	n
cajole	n|v
cake	n|v
calamity	n
calcium	n
calculate	v
calculated	adj|v
calculating	adj|v
calculation	n
calculator	n
calculus	n
caldron	n
calendar	n|v
caliber	n
calibrate	v
calibration	n
calibre	n
calipers	n
call	n|v
calligraphy	n
callous	adj|n|v
callow	adj|n
callus	n|v
calm	adj|n|v
calorie	n
calumniate	v
calumny	n|v
cambridge	n
camel	adj|n
cameo	n|v
camera	n
camouflage	n|v
camp	adj|n|v
campaign	n|v
campus	n|v
can	interj|n|phrase|v
canada	n
canadian	adj|n
canal	n|v
canard	n
canary	adj|n|v
cance	
cancel	n|v
cancellation	n
cancer	adj|n
candid	adj|n
candidacy	n
candidate	n|v
candle	n|v
candles	n|v
candor	n
candy	n|v
cane	n|v
canine	adj|n
canker	n|v
cannibalism	n
cannon	adj|n|v
canny	adj|adv|n
canoe	n|v
canon	adj|n
canonical	adj|n
canopy	n|v
cant	adj|n|v
cantankerous	adj
cantata	n
canteen	n
canter	n|v
canto	n
canvas	n|v
canvass	n|v
canyon	n|v
cap	n|v
capability	n
capable	adj
capacious	adj
capacitance	n
capacitor	n
capacity	adj|n
cape	n|v
caper	n|v
capillary	adj|n
capital	adj|interj|n
capitalism	n
capitalize	v
capitation	n
capitulate	adj|n|v
caprice	n
capricious	adj
capsize	n|v
capsule	n|v
captain	n|v
caption	n|v
captious	adj
captivate	adj|v
captive	adj|n|v
captivity	n
capture	n|v
car	n
carafe	n
carapace	n
carat	n
carbohydrate	n
carbon	n|v
carcase	n
carcass	n
carcinogen	n
card	n|v
cardiac	adj|n
cardinal	adj|n
cardiologist	n
cards	n|v
care	n|v
careen	n|v
career	adj|n|v
careerism	n
careful	adj
careless	adj
carelessly	adv
caress	n|v
careworn	adj
cargo	n|v
caricature	adj|n|v
carillon	n|v
carnage	n
carnal	adj
carnival	n|v
carnivore	n
carnivorous	adj
carol	n|v
carouse	n|v
carp	n|v
carpenter	n|v
carpentry	n
carpet	n|v
carping	adj|n|v
carriage	n
carrier	n
carrion	adj|n
carrot	n|v
carry	n|v
cart	n|v
cartographer	n
carton	n|v
cartoon	n|v
cartridge	n
carve	n|v
carver	n
carving	n|v
cascade	n|v
case	adj|n|v
cash	adj|n|v
cashier	n|v
cassette	n|v
cast	adj|n|v
cast-iron	adj|n
caste	n
castigate	adj|v
castigation	n
casting	n|v
castle	n|v
casual	adj|n
casualty	n
cat	adj|n|v
cataclysm	n
catalog	n|v
catalogue	n|v
catalyst	n
catalyze	v
catapult	n|v
catastrophe	n
catch	n|v
catching	adj|n|v
categorical	adj|n
categorize	v
category	n
cater	adv|n|v
catering	n|v
caterpillar	n|v
catharsis	n
cathedral	adj|n
catholic	adj|n
cattle	n|v
caucus	n|v
caulk	n|v
causal	adj|n
cause	conj|n|v
causes	n|v
caustic	adj|n
cauterize	v
caution	n|v
cautionary	adj
cautious	adj
cautiously	adv
cavalcade	n|v
cavalier	adj|n|v
cavalry	n
cave	interj|n|v
caveat	n|v
cavern	n|v
caves	n|v
cavil	n|v
cavity	n
cavort	v
cd	n|v
cd-rom	n
cease	n|v
ceaseless	adj
cedar	n
cede	v
ceiling	n|v
celebrate	v
celebrated	adj|v
celebration	n
celebrity	n
celerity	n
celestial	adj|adv|n
celibate	adj|n|v
cell	n|v
cellar	n|v
cellist	n
cello	n
cellular	adj|n
cellulose	adj|n
celsius	adj|n
cement	n|v
cemetery	n
censor	n|v
censure	n|v
census	n|v
cent	n
centaur	n
centenary	adj|n|v
centennial	adj|n
center	adj|n|v
centigrade	adj|n
centimetre	n
central	adj|n
centralization	n
centralize	v
centre	n|v
centrifugal	adj|n
centripetal	adj
centurion	n
century	n
cephalic	adj|n
ceramic	adj|n
ceramics	n
cereal	adj|n
cerebral	adj
ceremonial	adj|n
ceremonious	adj
ceremony	n
certain	adj|det|n|pron
certainly	adv
certainty	n
certificate	adj|n|v
certificates	n
certification	n
certify	v
certitude	n
cessation	n
cession	n
chafe	n|v
chaff	n|v
chagrin	adj|n|v
chain	n|v
chair	n|v
chairman	n|v
chairwoman	n
chalice	n
chalk	n|v
challenge	n|v
challenging	adj|n|v
chamber	n|v
chameleon	adj|n
champagne	adj|n|v
champion	adj|n|v
championship	n
chance	adj|adv|n|v
chancellor	n
chandelier	n
change	n|v
changeable	adj
channel	n|v
chant	n|v
chaos	n
chaotic	adj|n
chap	n|v
chapel	adj|n|v
chapter	n|v
char	n|v
character	n|v
characteristic	adj|n
characterization	n
characterize	v
charade	n|v
charcoal	adj|n|v
charge	n|v
charges	n|v
charisma	n
charitable	adj
charity	n
charlatan	n
charm	n|v
charming	adj|interj|n|v
chart	n|v
charter	adj|n|v
chary	adj|adv
chase	n|v
chasm	n
chaste	adj
chasten	v
chastise	v
chat	interj|n|v
chateau	n
chatter	n|v
chauvinism	n
chauvinistic	adj
cheap	adj|adv|n|v
cheaper	adj
cheat	n|v
check	adj|interj|n|v
checkered	adj|v
checkout	n
checks	n|v
checkup	n
cheek	n|v
cheer	n|v
cheerful	adj
cheers	interj|n|v
cheese	interj|n|v
cheetah	n
chef	n|v
chemical	adj|n
chemist	n
chemistry	n
cheque	adj|n
cherish	n|v
cherry	adj|n|v
cherubic	adj
chess	n
chest	n|v
chestnut	adj|n
chew	n|v
chic	adj|n
chicanery	n
chick	n|v
chicken	adj|n|v
chicks	n|v
chide	v
chief	adj|n|v
chiefly	adj|adv
child	n|v
childcare	n
childhood	n
childish	adj
children	n
chill	adj|n|phrase|v
chilli	n
chilly	adj|n
chimera	n
chimney	n|v
chimpanzee	n
chin	n|v
china	n
chinese	adj|n
chip	n|v
chipmunk	n|v
chips	n|v
chirp	n|v
chisel	n|v
chivalrous	adj
chivalry	n
chlorophyll	n
chocolate	adj|n|v
choice	adj|interj|n
choices	n
choir	n|v
choke	n|v
choleric	adj|n
choose	conj|n|v
chop	n|v
choppy	adj
chopsticks	n
chord	n|v
chore	n|v
choreograph	v
choreographer	n
choreographic	adj
choreography	n
chortle	n|v
chorus	n|v
christ	interj|n
christian	adj|n
christmas	adj|interj|n|v
chromatic	adj
chromosome	n
chromosphere	n
chronic	adj|n
chronicle	n|v
chronological	adj
chronology	n
chrysanthemum	n
chubby	adj|n
chuckle	adj|n|v
chum	n|v
chunk	n|v
church	interj|n|v
churl	n
cider	n
cigar	n
cigaret	n
cigarette	n|v
ciliate	adj|n
cinder	n|v
cineaste	n
cinema	n
cipher	n|v
circle	n|v
circuit	n|v
circuitous	adj
circular	adj|n|v
circulate	v
circulation	n
circumference	n|v
circumlocution	n
circumlocutory	adj
circumscribe	v
circumspect	adj
circumstance	n|v
circumstantial	adj|n
circumvent	v
circus	n|v
cistern	n
citadel	n
citation	n
cite	n|v
cities	n
citizen	n
citizenship	n
city	n
civic	adj|n
civil	adj|n
civilian	adj|n
civility	n
civilization	n
civilize	v
claim	n|v
clairvoyance	n
clairvoyant	adj|n
clam	adj|n|v
clamor	n|v
clamorous	adj
clamour	n|v
clamp	n|v
clan	n
clandestine	adj
clannish	adj
clap	n|v
clarification	n
clarify	v
clarion	adj|n|v
clarity	n
clash	n|v
clasp	n|v
class	adj|n|v
classic	adj|n
classical	adj|n
classification	n
classify	v
classmate	n
classmates	n
classroom	n
clatter	n|v
clause	n|v
claw	n|v
clay	n|v
clean	adj|adv|n|v
cleaner	adj|n
cleaning	n|v
cleanliness	n
cleanse	n|v
clear	adj|adv|n|v
clearance	n
clearing	n|v
clearly	adv
cleavage	n
cleave	n|v
cleaver	n
cleft	adj|n|v
clemency	n
clement	adj|n
clench	n|v
clergy	n
clergyman	n
clerk	n|v
clever	adj|n
cliche	n|v
click	interj|n|v
client	n
clientele	n
clients	n
cliff	n
climate	n|v
climatic	adj
climax	n|v
climb	n|v
clinch	n|v
cling	interj|n|v
clinic	n
clinical	adj|n
clip	n|v
clipper	n|v
clique	n|v
cloak	n|v
clock	n|v
clockwise	adj|adv
clog	n|v
cloister	n|v
clone	n|v
close	adj|adv|n|v
close-up	adj|n
closed-minded	adj
closely	adv
closet	adj|n|v
closure	n|v
clot	n|v
cloth	n
clothe	v
clothes	n|v
clothing	n|v
cloture	n|v
cloud	n|v
cloudburst	n
cloudy	adj
clout	n|v
clown	n|v
cloy	n|v
cloying	adj|v
club	n|v
clubs	n|v
clue	n|v
clumsy	adj|n
cluster	n|v
clutch	adj|n|v
clutter	n|v
co-operation	n
co-operative	adj|n
coach	adv|n|v
coagulant	adj|n
coagulate	adj|n|v
coagulation	n
coal	adj|n|v
coalesce	v
coalescence	n
coalition	n
coarse	adj
coarsen	v
coast	n|v
coastal	adj|n
coat	n|v
coax	adj|n|v
cob	n|v
cobbler	n
cocaine	n|v
cock	interj|n|v
cocktail	adj|n|v
cocoa	adj|n
cocoon	n|v
coda	n
coddle	n|v
code	n|v
codify	v
coeducation	n
coefficient	adj|n
coerce	v
coercion	n
coeval	adj|n
coexist	v
coffee	adj|n|v
coffeepot	n
coffer	n|v
coffin	n|v
cog	n|v
cogent	adj
cogitate	v
cognate	adj|n
cognitive	adj|n
cognizance	n
cognizant	adj
cognomen	n
cohabit	v
cohere	v
coherence	n
coherent	adj
cohesion	n
cohesive	adj|n
coil	n|v
coin	n|v
coinage	n
coincide	v
coincidence	n
coincident	adj|n
coke	n|v
cola	n
colander	n
cold	adj|adv|n
cold-blooded	adj
collaborate	v
collaboration	n
collage	n|v
collapse	n|v
collar	n|v
collate	v
collateral	adj|n
colleague	n|v
colleagues	n|v
collect	adj|adv|n|v
collected	adj|v
collection	n
collective	adj|n
college	n
colleges	n
collide	v
collision	n
colloquial	adj|n
colloquialism	n
colloquium	n
colloquy	n|v
collude	v
collusion	n
colon	n
colonel	n|v
colonial	adj|n
colonist	n
colonize	v
colonnade	n
colony	n|v
color	adj|n|v
coloration	n
colossal	adj
colossus	n
colour	adj|n|v
colt	n|v
coltish	adj
column	n
coma	n
comatose	adj|v
comb	n|v
combat	n|v
combination	n
combine	n|v
combustible	adj|n
combustion	n
come	interj|n|prep|v
comedienne	n
comedy	n
comely	adj|adv|v
comestible	adj|n
comet	n
cometary	adj
comfort	n|v
comfortable	adj|n
comic	adj|n
comical	adj
comity	n
comma	n|v
command	n|v
commander	n
commemorate	adj|v
commence	v
commencement	n
commend	n|v
commensurate	adj|v
comment	n|v
commentary	n
commentator	n
commerce	n|v
commercial	adj|n
commercialize	v
commercials	n
commingle	v
commiserate	adj|v
commission	n|v
commissioner	n
commit	n|v
commitment	n
committed	adj|v
committee	n
commodious	adj
commodity	n
common	adj|n|v
commonly	adv
commonplace	adj|n|v
commonsense	adj|n
commonwealth	n
commotion	n
communal	adj
commune	n|v
communicate	adj|v
communication	n
communism	n
communist	adj|n
community	n
commute	n|v
commuter	n
compact	adj|n|v
compaction	n
companies	n|v
companion	n|v
company	n|v
comparable	adj|n
comparative	adj|n
comparatively	adv
compare	n|v
comparison	n
compartment	n|v
compass	adv|n|v
compassion	n|v
compassionate	adj|v
compatibility	n
compatible	adj|n
compatriot	adj|n
compel	v
compelling	adj|n|v
compendium	n
compensate	v
compensation	n
compensatory	adj
compete	v
competence	n
competent	adj
competing	adj|v
competition	n
competitive	adj
competitiveness	n
competitor	n
compile	n|v
complacence	n
complacency	n
complacent	adj
complain	v
complaint	n
complaisance	n
complaisant	adj
complement	n|v
complementary	adj|n
complete	adj|n|v
completely	adv
completion	n
complex	adj|n|v
complexion	n|v
complexity	n
compliance	n
compliant	adj
complicate	adj|v
complicated	adj|v
complication	n
complicity	n
compliment	n|v
complimentary	adj
comply	v
component	adj|n
comport	n|v
compose	v
composed	adj|v
composer	n
composite	adj|n|v
composition	n
compost	n|v
composure	n
compound	adj|n|v
comprehend	v
comprehensible	adj
comprehension	n
comprehensive	adj|n
compress	n|v
compressed	adj|v
compression	n
comprise	v
compromise	n|v
compulsion	n
compulsive	adj|n
compulsory	adj|n
compunction	n
computation	n
compute	n|v
computer	n|v
computers	n|v
comrade	n|v
concatenate	adj|v
concave	adj|n|v
conceal	v
concede	v
conceit	n|v
conceive	v
concentrate	adj|n|v
concentrated	adj|v
concentration	n
concentric	adj
concept	n|v
conception	n
conceptual	adj
concern	n|v
concerned	adj|v
concerning	adj|n|prep|v
concert	n|v
concerted	adj|v
concerto	n
concession	n|v
concessions	n|v
conciliate	v
conciliatory	adj
concise	adj|v
conciseness	n
conclave	n|v
conclude	v
conclusion	n
conclusive	adj
concoct	adj|n|v
concomitant	adj|n
concord	n|v
concrete	adj|n|v
concur	v
concurrence	n
concurrent	adj|n
concussion	n
condemn	v
condemnation	n
condensation	n
condense	adj|v
condenser	n
condescend	v
condescending	adj|v
condign	adj
condiment	n|v
condition	n|v
conditioning	n|v
conditions	n|v
condole	v
condolence	n
condone	v
condor	n
conducive	adj
conduct	n|v
conductivity	n
conductor	n
conduit	n
cone	n|v
confection	n|v
confederacy	n
confederate	adj|n|v
confer	n|v
conference	n|v
confess	v
confession	n
confidant	n
confide	v
confidence	n
confident	adj|n
confidential	adj
configuration	n
confine	n|v
confinement	n
confining	adj|v
confirm	adv|v
confirmation	n
confiscate	adj|v
conflagration	n
conflate	adj|n|v
conflict	n|v
conflicting	adj|v
confluence	n|v
conform	v
conformist	adj|n
conformity	n
confound	n|v
confront	v
confrontation	n
confuse	adj|v
confusion	n
congeal	v
congenial	adj
congenital	adj
congest	n|v
congested	adj|v
congestion	n
conglomerate	adj|n|v
congratulate	v
congratulation	n
congregate	adj|n|v
congress	n|v
congressional	adj
congressman	n
congruent	adj
congruity	n
congruous	adj
conifer	n
conjectural	adj|n
conjecture	n|v
conjoin	n|v
conjugal	adj
conjunction	n
conjure	n|v
connect	n|v
connection	n
connivance	n
connive	v
connoisseur	n
connotation	n
connubial	adj
conquer	v
conqueror	n
conquest	n|v
conscience	n
conscientious	adj
conscious	adj|n
consciously	adv
consciousness	n
conscript	adj|n|v
consecrate	adj|v
consecutive	adj|n
consensus	n|v
consent	n|v
consequence	n|v
consequent	adj|n
consequential	adj
consequently	adv
conservation	n
conservationist	n
conservatism	n
conservative	adj|n
conservatory	adj|n
conserve	n|v
consider	v
considerable	adj|n
considerably	adv
considerate	adj|v
consideration	n
consign	v
consist	n|v
consistency	n
consistent	adj|n
consistently	adv
console	n|v
consolidate	adj|v
consolidation	n
consonance	n
consonant	adj|n
consort	adj|n|v
consortium	n
conspectus	n
conspicuous	adj
conspiracy	n|v
conspire	v
constant	adj|n
constantly	adv
constellation	n
consternation	n
constituent	adj|n
constitute	n|v
constitution	n
constitutional	adj|n
constrain	v
constrained	adj|v
constraint	n
constrict	v
constricted	adj|v
constringe	v
construct	n|v
construction	n
construe	n|v
consul	n
consult	n|v
consultancy	n
consultant	n
consume	v
consumer	n
consummate	adj|v
consumption	n
contact	n|v
contacts	n|v
contagious	adj
contain	v
container	n
containment	n
contaminants	n
contaminate	adj|v
contamination	n
contemn	v
contemplate	v
contemporary	adj|n
contempt	n
contemptible	adj
contemptuous	adj
contend	v
contender	n
content	adj|interj|n|v
contented	adj|v
contention	n
contentious	adj
contents	n|v
contest	n|v
context	adj|n|v
contiguous	adj
continence	n
continent	adj|n
continental	adj|n
contingency	n
contingent	adj|n
continual	adj
continually	adv
continuation	n
continue	n|v
continuity	adj|n
continuous	adj
continuum	n
contort	v
contour	n|v
contraband	adj|n|v
contract	adj|n|v
contraction	n
contractor	n
contracts	n|v
contradict	v
contradiction	n
contradictory	adj|n
contrary	adj|adv|n|v
contrast	n|v
contravene	v
contribute	v
contribution	n
contrite	adj|n
contrition	n
contrive	v
contrived	adj|v
control	n|v
controversial	adj|n
controversy	n
controvert	v
contumacious	adj
contumacy	n
contumely	n
conundrum	n
convalesce	v
convalescent	adj|n
convection	n
convene	v
convenience	n|v
convenient	adj
convention	n
conventional	adj|n
conventionally	adv
converge	v
convergent	adj|n
conversant	adj|n
conversation	n|v
conversational	adj
converse	adj|n|v
conversely	adv
conversion	n
convert	n|v
converter	n
convertible	adj|n
convex	adj|n|v
convey	v
conveyance	n|v
convict	n|v
conviction	n
convince	v
convinced	adj|v
convincing	adj|n|v
convivial	adj
conviviality	n
convoke	v
convoluted	adj|v
convoy	n|v
convulse	v
convulsion	n
cook	n|v
cooker	n
cookie	n|v
cooking	adj|n|v
cool	adj|n|v
coop	n|v
cooperate	v
cooperation	n
cooperative	adj|n
coordinate	adj|n|v
coordinated	adj|v
coordination	n
cop	n|v
cope	interj|n|v
copious	adj
copper	adj|n|v
copy	n|v
copyright	n|v
coral	adj|n|v
cord	n|v
cordial	adj|n
cordless	adj|n
core	adj|n|v
cork	adj|n|v
corn	n|v
corner	interj|n|v
cornet	n
cornice	n|v
cornucopia	n
corny	adj
coronation	n
corporal	adj|n
corporate	adj|n|v
corporation	n
corporeal	adj
corps	n
corpse	n|v
corpulent	adj
corpus	n
corpuscle	n
corral	n|v
correct	adj|adv|interj|n|v
correction	n
correctly	adv
correlate	n|v
correlated	adj|v
correlation	n
correspond	v
correspondence	n
correspondent	adj|n
corresponding	adj|n|v
corridor	n
corroborate	adj|v
corrode	v
corrosion	n
corrosive	adj|n
corrugate	adj|v
corrugated	adj|v
corrupt	adj|v
corruption	n
coruscate	v
cosmic	adj
cosmopolitan	adj|n
cosmopolitanism	n
cosmos	n
cosset	n|v
cost	n|v
costly	adj|n
costs	n|v
costume	n|v
cosy	adj|n|v
cot	n
coterie	n
coterminous	adj
cottage	n|v
cotton	adj|n|v
cottonwood	n
couch	n|v
cougar	n
cough	interj|n|v
could	n|v
council	n
counsel	n|v
counseling	n|v
counselor	n
count	adj|n|v
countenance	n|v
counter	adj|adv|n|v
counteract	n|v
counterbalance	n|v
counterclockwise	adj|adv
counterfeit	adj|n|v
countermand	n|v
counterpart	n|v
counterpoise	n|v
counterproductive	adj
countless	adj|det
countries	n
country	adj|n
countryside	n
county	adj|n
coup	n|v
couple	adj|det|n|v
coupon	n|v
courage	n|v
courageous	adj
courier	n|v
course	adv|n|v
court	n|v
courteous	adj
courteously	adv
courtesy	adj|n|v
courthouse	n
courtly	adj|adv
courtship	n
courtyard	n
cousin	n|v
cove	n|v
coven	n
covenant	n|v
cover	adj|n|v
coverage	n
covert	adj|n
covet	v
covetous	adj
cow	n|v
coward	adj|n|v
cowboy	n|v
cower	v
cowhand	n
coy	adj|n|v
cozen	n|v
cozy	adj|n|v
crab	n|v
crabbed	adj|v
crack	adj|n|v
cradle	n|v
craft	n|v
craftspeople	n
crafty	adj
crag	n
cram	n|v
cramming	n|v
cramp	adj|n|v
cramped	adj|v
crane	n|v
cranial	adj
crank	adj|n|v
cranky	adj
crash	adj|n|v
crass	adj
crate	n|v
crater	n|v
cravat	n|v
crave	n|v
craven	adj|n|v
craving	n|v
crawl	n|v
crayon	n|v
craze	n|v
crazy	adj|adv|n
cream	adj|n|v
crease	n|v
create	adj|v
creation	n
creative	adj|n
creature	n
credence	n|v
credential	adj|n|v
credentials	n|v
credible	adj
credit	n|v
creditor	n
credo	n
credulous	adj
creed	n|v
creek	adj|n
creep	n|v
crepuscular	adj
crescendo	adv|n|v
crest	n|v
crestfallen	adj
crevasse	n|v
crevice	n|v
crew	n|v
cricket	n|v
crime	n|v
criminal	adj|n
crimson	adj|n|v
cringe	adj|interj|n|v
cringing	n|v
crinkle	n|v
cripple	adj|n|v
crippling	adj|n|v
crisis	n
crisp	adj|n|v
crisscross	adj|adv|n|v
criteria	n
criterion	n
critic	n|v
critical	adj|n
criticism	n
criticize	v
critique	n|v
croak	n|v
crochet	n|v
crockery	n
crocodile	n|v
cronyism	n
crook	adj|n|v
crooked	adj|v
croon	n|v
crop	n|v
crops	n|v
cross	adj|n|prep|v
crossbones	n
crossbreeding	n|v
crosscut	n|v
crossing	adj|n|v
crossroads	n
crotchety	adj
crouch	n|v
crow	adj|n|v
crowd	n|v
crowded	adj|v
crown	adj|n|v
crucial	adj
crude	adj|n
crudity	n
cruel	adj|adv|n|v
cruelty	n
cruise	n|v
crumb	n|v
crumble	n|v
crumple	n|v
crusade	n|v
crush	n|v
crust	n|v
crustacean	adj|n
crutch	n|v
crux	n
cry	n|v
cryogenic	adj
crypt	n
cryptic	adj|n
crystal	adj|n
crystalline	adj|n
crystallization	n
crystallize	v
crystallized	adj|v
cub	n|v
cuban	adj|n
cube	adj|n|v
cubic	adj|n
cubicle	n
cubism	n
cuckoo	adj|n|v
cucumber	n
cuddle	n|v
cue	n|v
cuff	n|v
cuisine	n
culinary	adj
culminate	adj|v
culmination	n
culpable	adj
culprit	n
cult	adj|n
cultivate	v
cultivated	adj|v
cultivation	n
cultural	adj
culture	n|v
cumber	n|v
cumbersome	adj
cumulative	adj
cumulus	n
cunning	adj|n
cup	n|v
cupboard	n|v
cupidity	n
cups	n|v
curative	adj|n
curator	n
curb	n|v
curd	n|v
curdle	v
cure	n|v
curfew	n
curiosity	n
curious	adj
curl	n|v
curly	adj|n
curmudgeon	n
currency	n
current	adj|n
currently	adv
curriculum	n
currish	adj
curse	n|v
cursive	adj|n
cursory	adj
curt	adj|n|v
curtail	n|v
curtain	n|v
curtains	n|v
curvaceous	adj
curve	adj|n|v
cushion	n|v
custodian	n
custody	n
custom	adj|n|v
customarily	adv
customary	adj|n
customer	n
customers	n
customs	n|v
cut	adj|interj|n|v
cute	adj
cuticle	n
cutlery	n
cutter	n
cutting	adj|n|v
cyberspace	n
cycle	n|v
cyclical	adj|n
cycling	adj|n|v
cyclist	n
cyclone	n|v
cygnet	n
cylinder	n|v
cynic	adj|n
cynical	adj
cynosure	n
cypress	n
cytology	n
dabble	n|v
dabbler	n
dad	n|v
daft	adj
dagger	n|v
daguerreotype	n|v
daily	adj|adv|n|v
dainty	adj|n
dairy	adj|n
daisy	n
dalliance	n
dally	n|v
dam	adj|interj|n|v
damage	n|v
damages	n|v
damn	adj|adv|interj|n|v
damp	adj|n|v
damped	adj|v
dampen	v
damper	adj|n
dance	n|v
dancer	n
dandy	adj|n
danger	n|v
dangerous	adj
dangle	n|v
dank	adj|n|v
dapper	adj|n
dappled	adj|v
dare	n|v
daredevil	adj|n|v
daring	adj|n|v
dark	adj|n|v
darkness	n
darling	adj|n|v
dart	n|v
dash	interj|n|v
dastard	adj|n|v
data	n
database	n|v
date	n|v
dated	adj|v
datum	n|v
daub	n|v
daubster	n
daughter	n
daunt	n|v
daunting	adj|n|v
dauntless	adj
dawdle	n|v
dawn	n|v
dawning	n|v
day	n|v
daylight	n|v
daytime	adj|n
daze	n|v
dazzle	n|v
dazzling	adj|n|v
deactivate	v
dead	adj|adv|n|v
deaden	v
deadline	n|v
deadlock	n|v
deadly	adj|adv
deadpan	adj|adv|n|v
deaf	adj|n|v
deafen	v
deal	adj|n|phrase|v
dealer	n
dealing	n|v
dean	n|v
dear	adj|adv|interj|n|v
dearth	n|v
death	n
debacle	n
debar	n|v
debark	v
debase	v
debatable	adj|n
debate	n|v
debauch	n|v
debilitate	adj|v
debility	n
debonair	adj|n
debouch	n|v
debrief	n|v
debris	n
debt	n
debtor	n
debunk	n|v
debut	n|v
decade	n
decadence	n
decadent	adj|n
decamp	n|v
decant	n|v
decay	n|v
deceit	n
deceitful	adj
deceive	v
december	n
decency	n
decent	adj|n
decentralize	v
deception	n
deceptive	adj
decibel	n
decide	v
decidedly	adv
deciduous	adj
decimal	adj|n|v
decimate	n|v
decipher	n|v
decision	n|v
decisive	adj
deck	n|v
declaim	v
declamation	n
declaration	n
declare	v
declassify	v
declination	n
decline	n|v
declivity	n
decode	n|v
decompose	v
decomposition	n
decorate	adj|v
decoration	n
decorations	n
decorative	adj|n
decorum	n
decoy	n|v
decrease	n|v
decree	n|v
decrepit	adj
decry	v
dedicate	adj|n|v
dedicated	adj|v
dedication	n
deduce	v
deduct	v
deductive	adj
deed	n|v
deem	n|v
deep	adj|adv|n|v
deepen	v
deeply	adv
deer	n
deface	v
defalcate	v
defame	adj|n|v
default	n|v
defeat	n|v
defeatist	adj|n
defecate	adj|v
defect	n|v
defection	n
defective	adj|adv|n
defence	n|v
defend	v
defendant	adj|n
defense	n|v
defensive	adj|n
defer	v
deference	n
deferential	adj
defiance	n
defiant	adj|n
deficiency	n
deficient	adj|n
deficit	n
defile	n|v
define	n|v
defined	adj|v
definite	adj|n
definitely	adv
definition	n
definitive	adj|n
deflate	v
deflated	adj|v
deflect	v
deflection	n
defoliant	n
defoliate	adj|v
defoliator	n
deforest	n|v
deforestation	n
deform	adj|v
deformation	n
defraud	v
defray	v
defrost	n|v
deft	adj
defunct	adj|n|v
defuse	v
defy	n|v
degenerate	adj|n|v
degradation	n
degrade	v
degree	n
dehydrate	v
dehydrated	adj|v
dehydration	n
deify	v
deign	v
deity	n
dejected	adj|v
delay	n|v
delectable	adj|n
delectation	n
delegate	adj|n|v
delegation	n
delete	n|v
deleterious	adj
deliberate	adj|v
deliberately	adv
delicacy	n
delicate	adj|n
delicious	adj
delight	n|v
delighted	adj|v
delimit	v
delineate	adj|v
delineation	n
delinquency	n
delinquent	adj|n
delirious	adj
delirium	n
deliver	adj|v
delivery	n
delta	n|v
delude	v
deluge	n|v
delusion	n
delve	n|v
demagnetize	v
demagogue	n|v
demand	n|v
demanding	adj|n|v
demarcate	v
demean	n|v
demeanour	n
demented	adj|v
demise	n|v
demobilize	v
democracy	n
democrat	adj|n
democratic	adj|n
demography	n
demolish	v
demolition	n
demonstrate	v
demonstration	n
demonstrative	adj|n
demoralize	v
demote	v
demotic	adj|n
demur	n|v
demure	adj|v
demystify	v
den	adv|n|v
denial	n
denigrate	adj|v
denim	n
denizen	n|v
denominate	adj|n|v
denomination	n
denote	v
denouement	n
denounce	v
dense	adj|n
density	n
dent	n|v
dental	adj|n
dentist	n
dentistry	n
denture	n
denude	v
denunciate	v
denunciation	n
deny	v
deodorizer	n
depart	n|v
department	n
departmental	adj
departure	n
depend	v
dependable	adj|n
dependant	adj|n
dependence	n
dependent	adj|n
depict	adj|v
deplete	v
depletion	n
deplore	v
deploy	n|v
deport	v
deportation	n
deportment	n
depose	v
deposit	n|v
deposition	n
depositor	n
depot	n
depraved	adj|v
depravity	n
deprecate	v
depreciate	v
depreciation	n
depredation	n
depress	v
depressant	adj|n
depressed	adj|v
depression	n
deprivation	n
deprive	v
depth	n
depute	n|v
deputize	v
deputy	n|v
deracinate	v
derange	v
deranged	adj|v
derangement	n
derelict	adj|n|v
dereliction	n
deride	v
derivation	n
derivative	adj|n
derive	v
dermatologist	n
derogate	adj|v
derogatory	adj|n
desalination	n
desalinize	v
descend	n|v
descendant	adj|n
descent	n
describe	v
description	n
descry	v
desecrate	adj|v
desert	adj|n|v
deserted	adj|v
deserter	n
desertion	n
deserve	v
desiccate	adj|n|v
desideratum	n
design	n|v
designate	adj|v
designation	n
designer	adj|n
designing	adj|n|v
desirable	adj|n
desire	n|v
desirous	adj
desk	n|v
desolate	adj|v
despair	n|v
despatch	n|v
desperado	n
desperate	adj|adv|n
desperately	adv
despicable	adj|n
despise	v
despite	n|prep|v
despoil	n|v
despoiler	n
despondent	adj
despot	n
despotic	adj
despotism	n
dessert	n
destination	n
destine	v
destiny	n
destitute	adj|v
destitution	n
destroy	v
destructible	adj
destruction	n
destructive	adj
desuetude	n
desultory	adj
detach	v
detached	adj|v
detail	n|v
detailed	adj|n|v
details	n|v
detain	v
detect	adj|v
detectable	adj
detection	n
detective	adj|n
detector	n
deter	n|v
detergent	adj|n
deteriorate	v
deterioration	n
determinant	adj|n
determination	n
determine	v
deterrent	adj|n
detest	v
detestable	adj
dethrone	v
detonate	v
detonation	n
detour	n|v
detract	v
detraction	n
detriment	n|v
detrimental	adj|n
detritus	n
devastate	v
devastating	adj|v
devastation	n
develop	v
development	n
deviant	adj|n
deviate	adj|n|v
deviation	n
device	n
devil	n|v
devious	adj
devise	n|v
devoid	adj|v
devolve	v
devote	adj|v
devoted	adj|v
devotee	n
devotion	n
devotional	adj|n
devour	v
devout	adj|n
dew	n|v
dexterity	n
dexterous	adj
diabetes	n
diabolic	adj
diabolical	adj
diagnose	v
diagnosis	n|v
diagnostic	adj|n
diagonal	adj|n
diagonally	adv
diagram	n|v
dial	n|v
dialect	n
dialog	n|v
dialogue	n|v
diameter	n
diamond	adj|n|v
diaphanous	adj
diary	adj|n|v
diatribe	n
dictate	n|v
dictation	n
dictator	n
diction	n
dictionary	n|v
dictum	n
didactic	adj|n
die	adv|n|v
diehard	adj|n
diesel	n|v
diet	adj|n|v
dietary	adj|n
dieter	n
dietetics	n
dietitian	n
differ	n|v
difference	n|v
different	adj|adv|n
differentiate	n|v
difficult	adj|v
difficulties	n
difficulty	n
diffident	adj
diffuse	adj|v
diffusion	n
dig	n|v
digest	n|v
digestion	n
digestive	adj|n
digit	n|v
digital	adj|n
dignified	adj|v
dignify	v
dignitary	adj|n
dignity	n
digress	v
digression	n
dilapidate	adj|v
dilapidated	adj|v
dilapidation	n
dilate	adj|v
dilatory	adj
dilemma	n
dilettante	adj|n
diligence	n
diligent	adj
diligently	adv
dilute	adj|n|v
dilution	n
dim	adj|n|v
dime	n|v
dimension	n|v
dimensional	adj
diminish	v
diminuendo	adj|adv|n
diminution	n
diminutive	adj|n
dimly	adv
dimple	n|v
din	n|v
dine	n|v
dingy	adj|n|v
dining	n|v
dinner	n|v
dinosaur	n
diocesan	adj|n
dioxide	n
dip	n|v
diploma	n
diplomacy	n
diplomas	n
diplomat	n
diplomatic	adj|n
dipsomania	n
dire	adj|n
direct	adj|adv|v
direction	n
directly	adv|conj
director	n
directory	adj|n
dirge	n|v
dirt	n|v
dirty	adj|adv|n|v
disability	n
disable	adj|v
disabled	adj|n|v
disabuse	v
disadvantage	n|v
disaffect	v
disagree	v
disagreeable	adj|n
disagreement	n
disallow	v
disappear	v
disappearance	n
disappoint	v
disappointment	n
disapproval	n
disapprove	v
disarm	n|v
disarrange	v
disarray	n|v
disaster	n
disastrous	adj
disavow	v
disband	v
disbar	v
disburse	v
disc	n|v
discard	n|v
discern	v
discernible	adj
discerning	adj|n|v
discharge	n|v
disciple	n|v
discipline	n|v
disciplined	adj|v
disclaim	v
disclaimer	n|v
disclose	n|v
disco	n|v
discography	n
discombobulate	v
discombobulated	adj|v
discomfit	v
discomfited	v
discomfiture	n
discomfort	n|v
discompose	v
disconcert	n|v
disconnect	n|v
discontent	adj|n|v
discontented	adj|v
discord	n|v
discount	adj|n|v
discourage	n|v
discouraging	adj|n|v
discourse	n|v
discover	n|v
discovery	n
discredit	n|v
discreet	adj
discrepancy	n
discrete	adj
discretion	n
discretionary	adj
discriminate	adj|v
discrimination	n
discriminatory	adj
discursive	adj
discuss	v
discussion	n
disdain	n|v
disease	n|v
diseases	n|v
disembodied	adj|v
disembody	v
disenchant	v
disengage	n|v
disentangle	v
disfigure	v
disfranchise	v
disgorge	v
disgrace	n|v
disgruntle	v
disguise	n|v
disgust	n|v
disgusted	adj|v
disgusting	adj|v
dish	n|v
dishearten	v
dishes	n|v
dishevel	v
disheveled	adj|v
dishonour	n|v
disillusion	n|v
disillusioned	adj|v
disinfect	v
disinfectant	adj|n
disintegrate	v
disinter	v
disinterested	adj|v
disjunction	n
disjunctive	adj|n
disk	n|v
dislike	n|v
dislocate	v
dislodge	v
dismal	adj|n
dismantle	v
dismay	n|v
dismember	v
dismembered	adj|v
dismiss	v
disobedience	n
disobey	v
disorder	n|v
disorganize	v
disorient	v
disown	v
disparage	n|v
disparate	adj|n
disparity	n
dispassionate	adj|v
dispatch	n|v
dispel	n|v
dispensable	adj|n
dispense	n|v
dispersal	n
disperse	adj|v
displace	v
displacement	n
display	n|v
displease	v
disport	n|v
disposable	adj|n
disposal	n
dispose	n|v
disposed	adj|v
disposition	n|v
disproof	n
disproportionate	adj|v
disprove	v
dispute	n|v
disputes	n|v
disquisition	n
disregard	n|v
disreputable	adj|n
disrepute	n|v
disrespect	n|v
disrespectful	adj
disrupt	adj|v
disruptive	adj
dissatisfaction	n
dissatisfy	v
dissect	v
dissection	n
dissemble	v
disseminate	v
dissension	n
dissent	n|v
dissenter	n
dissenting	adj|v
dissertation	n
disservice	n|v
dissident	adj|n
dissimilar	adj|n
dissimulate	adj|v
dissipate	adj|v
dissipated	adj|v
dissociate	v
dissociation	n
dissolute	adj|n
dissolve	n|v
dissonance	n
dissonant	adj
dissuade	v
distain	n|v
distal	adj
distance	n|v
distant	adj|n
distasteful	adj
distend	v
distension	n
distent	adj|n
distention	n
distil	v
distill	v
distillation	n
distinct	adj|v
distinction	n
distinctive	adj|n
distinctively	adv
distinctly	adv
distinguish	v
distinguished	adj|v
distort	adj|v
distortion	n
distract	adj|v
distracted	adj|v
distraction	n
distrait	adj
distraught	adj
distress	n|v
distribute	v
distribution	n
district	adj|n|v
disturb	n|v
disturbance	n
disturbing	adj|v
disunite	v
ditch	n|v
ditty	n|v
diurnal	adj|n
diva	n
divagate	v
dive	n|v
diver	n
diverge	n|v
divergence	n
divergent	adj
diverse	adj|adv|v
diversification	n
diversified	adj|v
diversify	v
diversion	n
diversity	n
divert	v
divest	v
divestiture	n
divide	n|v
dividend	n|v
divine	adj|n|v
division	n
divorce	n|v
divulge	v
dizziness	n
dizzy	adj|n|v
dizzying	adj|v
do	adv|n|num|v
docile	adj
dock	n|v
doctor	n|phrase|v
doctorate	n|v
doctors	n|v
doctrinaire	adj|n
doctrine	n
document	n|v
documentary	adj|n
documentation	n
documents	n|v
dodder	n|v
dodge	adj|n|v
does	n|v
doff	n|v
dog	adj|n|v
dogged	adj|adv|v
doggerel	adj|n
doggo	adv|n
dogma	n
dogmatic	adj|n
dogmatism	n
doldrums	n
dole	n|v
doleful	adj
doll	n|v
dollar	n
dolorous	adj
dolphin	n
dolt	n|v
domain	n
dome	n|v
domestic	adj|n
domesticate	n|v
domesticated	adj|v
domicile	n|v
dominant	adj|n
dominate	adj|n|v
domination	n
dominion	n
donate	n|v
donation	n
donations	n
donkey	n
donor	n
doodle	n|v
doom	n|phrase|v
door	n|v
doors	n|v
doorway	n
dorm	n|v
dormancy	n
dormant	adj|n
dormitory	n
dorsal	adj|n
dose	n|v
dossier	n
dot	n
dotage	n
dote	n|v
doting	adj|n|v
double	adj|adv|n|v
double-cross	n|v
doubt	n|v
doubtful	adj|n
doubtless	adj|adv
dour	adj|n
douse	n|v
dove	n|v
dowdy	adj|n|v
down	adj|adv|n|prep|v
down-to-earth	adj
downcast	adj|n|v
download	n|v
downplay	v
downpour	n|v
downstairs	adj|adv|n
downtown	adj|adv|n
downturn	n|v
downward	adj|adv
dowry	n|v
doyen	n
doze	det|n|v
dozen	n
dr	adj|n
drab	adj|n|v
draconian	adj|n
draft	adj|n|v
draftsmanship	n
drag	adj|n|v
dragon	n
dragonfly	n
drain	n|v
drainage	n
drama	n
dramatic	adj
dramatically	adv
dramatize	v
drastic	adj|n
draw	interj|n|v
drawback	n
drawbridge	n
drawer	n
drawing	n|v
drawl	n|v
draws	n|v
dread	adj|n|v
dreadful	adj|adv|n
dreadfully	adv
dream	adj|n|v
dreary	adj|n
dregs	n
drench	n|v
drenched	adj|v
dress	n|v
dressing	n|v
dribble	n|v
drier	adj|n
drift	n|v
driftwood	n
drill	n|v
drink	n|v
drinking	adj|n|v
drinks	n|v
drip	n|v
dripstone	n
drive	n|v
drivel	n|v
driver	n
driving	adj|n|v
drizzle	n|v
drizzly	adj
droll	adj|n|v
drollery	n
drone	n|v
droop	adj|n|v
drop	n|v
drop-off	n
drop-out	n
droplet	n
dropout	n
dross	n|v
drought	n
drove	n|v
drown	n|v
drowse	n|v
drowsiness	n
drowsy	adj
drub	n|v
drudgery	n
drug	n|v
drugs	n|v
drum	n|v
drunk	adj|adv|n|v
dry	adj|n|phrase|v
dual	adj|n|v
dub	n|v
dubious	adj
duck	n|v
duckling	n
duct	n|v
ductile	adj
due	adj|adv|n
duel	n|v
dues	n
duet	n|v
duke	n|v
dulcet	adj
dull	adj|n|v
dullard	n
dully	adj|adv
duly	adv
dumb	adj|adv|n|v
dumbfound	v
dummy	adv|n|v
dump	n|v
dumpling	n
dunce	n
dune	n
dungeon	n|v
dupe	n|v
duplicate	adj|n|v
duplicitous	adj
duplicity	n
durable	adj|n
duration	n
duress	n|v
during	n|prep|v
dusk	adj|n|v
dusky	adj|n
dust	n|v
dustbin	n
dusty	adj|n
duties	n
dutiful	adj
duty	n
dvd	n
dwarf	adj|n|v
dwell	n|v
dweller	n
dwelling	n|v
dwindle	v
dye	n|v
dying	adj|n|v
dynamic	adj|n
dynamical	adj
dynamics	n
dynamo	n
dynasty	n
dysfunctional	adj
dyslexia	n
dyspeptic	adj|n
each	adv|det|n|pron
eager	adj|n|v
eagle	n|v
eaglet	n
ear	n|v
early	adj|adv|n
earn	n|v
earnest	adj|n|v
earnings	n
earplug	n|v
earring	n
earshot	n
earsplitting	adj
earth	n|v
earthenware	n
earthly	adj|adv|n
earthquake	n|v
earthshaking	adj
earthy	adj
ease	n|v
easel	n
easily	adv
east	adj|adv|n
easter	adj|n|v
eastern	adj
eastward	adj|adv|n
eastwards	adv
easy	adj|adv|interj|n|v
eat	n|v
eavesdrop	n|v
ebb	adj|n|v
ebullience	n
eccentric	adj|n
eccentricity	n
ecdysis	n
echo	n|v
eclat	n
eclectic	adj|n
eclecticism	n
eclipse	n|v
eclogue	n
ecological	adj
ecologist	n
ecology	n
economic	adj|n
economical	adj
economically	adv
economics	n
economize	v
economy	adj|adv|n
ecosystem	n
ecstasy	n|v
ecstatic	adj|n
ecumenical	adj
eddy	n|v
edentate	adj|n
edge	n|v
edible	adj|n
edict	n
edifice	n
edify	v
edit	n|v
edition	n
editor	n
editorial	adj|n
educable	adj|n
educate	adj|v
educated	adj|v
education	n
educational	adj|n
educator	n
educe	n|v
eerie	adj|n
efface	v
effect	n|v
effective	adj|n
effectively	adv
effectiveness	n
effects	n|v
effeminate	adj|n|v
effervesce	v
effete	adj
efficacious	adj
efficacy	n
efficiency	n
efficient	adj|n
effigy	n
effluent	adj|n
effluvia	n
effort	n|v
effrontery	n
effulgent	adj
egalitarian	adj|n
egg	n|v
eggplant	n
eggshell	adj|n
ego	n|v
egocentric	adj|n
egoism	n
egotist	n
egregious	adj
egress	n|v
egyptian	adj|n
eight	adj|n|num
eighteen	n|num
eighth	adj|n|v
eighty	num
either	adv|conj|det|pron
ejaculate	n|v
eject	n|v
eke	adv|n|v
elaborate	adj|v
elaborately	adv
elaboration	n
elapse	v
elastic	adj|n
elasticity	n
elated	adj|v
elation	n
elbow	n|v
elder	adj|n|v
elderly	adj|n
elect	adj|n|v
election	n
electorate	n
electric	adj|n
electrical	adj|n
electrician	n
electricity	n
electrode	n
electromagnetic	adj
electron	n
electronic	adj|n
electronics	n
elegance	n
elegant	adj|n
elegy	n
element	n|v
elemental	adj|n
elementary	adj|n
elements	n
elephant	n
elephantine	adj|n
elevate	adj|v
elevation	n
elevator	n|v
eleven	n|num
elicit	adj|v
eligible	adj|n
eliminate	v
elimination	n
elite	adj|n
elixir	n
ellipsis	n
elliptical	adj|n
elm	n
elocution	n
elongate	adj|v
eloquence	n
eloquent	adj
else	adj|adv|conj|n
elsewhere	adv|n
elucidate	adj|v
elude	v
elusive	adj
emaciate	adj|v
emaciated	adj|v
emaciation	n
email	n|v
emanate	v
emancipate	adj|v
emancipation	n
emasculate	adj|v
embalm	v
embankment	n
embargo	n|v
embark	v
embarrass	n|v
embassy	n
embed	n|v
embellish	v
embellishment	n
embezzle	v
embezzlement	n
embitter	v
emblazon	v
emblem	n|v
emblematic	adj
embodiment	n
embody	v
embolden	v
embosom	v
emboss	n|v
embrace	n|v
embroider	v
embroidery	n
embroil	n|v
embryo	n
embryological	adj
embryonic	adj
emend	v
emerald	adj|n|v
emerge	n|v
emergence	n
emergencies	n
emergency	n
emerging	adj|n|v
emigrant	n
emigrate	v
eminence	n
eminent	adj
emissary	n
emission	n
emit	v
emollient	adj|n
emolument	n
emote	n|v
emotion	n
emotional	adj|n
empathy	n
emperor	n
emphasis	n
emphasize	v
emphatic	adj|n
empire	adj|n
empirical	adj|n
empiricism	n
employ	n|v
employee	n
employees	n
employer	n
employment	n
empower	v
empty	adj|n|v
empyreal	adj
empyrean	adj|n
emulate	adj|v
emulsify	v
enable	v
enact	v
enactment	n
enamel	n|v
enamored	adj|v
encapsulate	v
encase	v
enchant	n|v
encipher	v
enclose	v
enclosure	n
encomiast	n
encomium	n
encompass	v
encounter	n|v
encourage	v
encouragement	n
encroach	n|v
encumber	v
encyclopedia	n
encyclopedic	adj
end	n|v
endanger	v
endangered	adj|v
endearing	adj|n|v
endeavor	n|v
endeavour	n|v
endemic	adj|n
ending	n|v
endless	adj
endlessly	adv
endorse	n|v
endotherm	n
endotoxin	n
endow	v
endowment	n
endue	v
endurance	n
endure	v
enduring	adj|n|v
enemy	n|v
energetic	adj|n
energies	n
energize	v
energy	n
enervate	adj|v
enfeeble	v
enfetter	v
enflame	v
enforce	v
engage	v
engaged	adj|v
engagement	n
engaging	adj|n|v
engender	v
engine	n|v
engineer	n|v
engineering	n|v
engineers	n|v
england	n
english	adj|n|v
englishman	n
engrave	v
engraving	n|v
engross	v
engrossment	n
engulf	v
enhance	v
enigma	n
enigmatic	adj
enjoin	v
enjoy	v
enjoyable	adj
enlarge	v
enlighten	v
enlightening	adj|v
enlightenment	n
enlist	n|v
enliven	v
enmesh	v
enmity	n
ennoble	v
ennui	n|v
enormity	n
enormous	adj
enough	adv|det|interj|n|pron
enquire	v
enquiry	n
enrage	v
enrapture	v
enrich	v
enroll	v
enrollment	n
enrolment	n
ensconce	v
ensemble	n|v
enshrine	v
ensign	n|v
enslave	v
ensnare	v
ensue	v
ensure	v
entail	n|v
entangle	v
entanglement	n
enter	n|v
enterprise	n|v
enterprising	adj|n|v
entertain	n|v
entertainer	n
entertainment	n
enthral	v
enthrall	v
enthralling	adj|v
enthusiasm	n
enthusiastic	adj
enthusiastically	adv
entice	v
entire	adj|n
entirety	n
entitle	v
entitled	adj|v
entity	n
entourage	n
entrance	n|v
entrancing	adj|n|v
entrap	v
entreat	n|v
entreaty	n
entrench	v
entrenched	v
entrepreneur	n
entrust	v
entry	n
entwine	v
enumerate	adj|v
enunciate	v
envelop	v
envelope	n|v
envious	adj
environ	adv|n|v
environment	n
environmental	adj|n
environs	n|v
envisage	v
envision	v
envoy	n
envy	n|v
enzyme	n
epaulet	n
ephemeral	adj|n
epic	adj|n
epicure	n
epicurean	adj|n
epidemic	adj|n
epidermis	n
epigram	n
epilogue	n|v
episode	n
episodic	adj
epitaph	n|v
epithet	n|v
epitome	n
epitomize	v
epoch	n|v
equable	adj
equal	adj|n|v
equality	n
equanimity	n
equate	n|v
equation	n
equator	n
equestrian	adj|n
equilibrium	n
equine	adj|n
equip	n|v
equipe	n
equipment	n
equitable	adj
equity	n
equivalent	adj|n|v
equivocal	adj|n
equivocate	v
equivocation	n
era	n
eradicate	v
erase	n|v
eraser	n
erasure	n
erect	adj|v
erode	n|v
erosion	n
err	interj|v
errand	n|v
erratic	adj|n
erratically	adv
erroneous	adj
error	n|v
ersatz	adj|n
erstwhile	adj|adv
erudite	adj|n
erupt	v
eruption	n
escalate	v
escalation	n
escalator	n|v
escape	n|v
escapism	n
escapist	adj|n
eschew	v
escort	n|v
esophagus	n
esoteric	adj|n
especially	adv
espionage	n
espousal	n
espouse	v
espy	n|v
essay	n|v
essence	n
essential	adj|n
establish	v
establishment	n
estate	adj|n|v
esteem	n|v
esthetic	adj
estimable	adj
estimate	adj|n|v
estrange	v
estranged	adj|v
estuary	n
etch	n|v
etching	n|v
eternal	adj|n
ethereal	adj|n
ethic	adj|n
ethical	adj|n
ethically	adv
ethics	n
ethnic	adj|n
ethnology	n
ethos	n
etiquette	n
etymology	n
eucalyptus	n
eugenic	adj
eulogistic	adj
eulogize	v
eulogy	n
euphemism	n
euphonious	adj
euphony	n
euphoria	n
europe	n
european	adj|n
evacuate	v
evade	v
evaluate	v
evaluation	n
evanescent	adj
evaporate	adj|v
evaporation	n
evasion	n
evasive	adj
eve	n
even	adj|adv|n|v
even-tempered	adj
evenhanded	adj
evening	n|v
evenly	adv
event	n|v
eventful	adj
eventual	adj
eventually	adv
ever	adj|adv|det
evergreen	adj|n|v
everlasting	adj|adv|n
every	det|n
everybody	pron
everyday	adj|adv|n
everyone	pron
everything	n|pron|v
everywhere	adv|n
evict	v
eviction	n
evidence	n|v
evident	adj
evil	adj|adv|n
evince	v
eviscerate	v
evocative	adj
evoke	v
evolution	n
evolutionary	adj
evolve	v
ewe	adj|n
ewer	n
exacerbate	v
exact	adj|adv|v
exacting	adj|v
exactitude	n
exactly	adv|interj
exaggerate	adj|v
exaggeration	n
exalt	v
exaltation	n
exalted	adj|v
exam	n|v
examination	n
examine	n|v
example	n|v
examples	n|v
exams	n|v
exasperate	adj|v
excavate	adj|n|v
excavation	n
exceed	v
exceedingly	adv
excel	n|v
excellent	adj|adv
except	conj|prep|v
exception	n|v
exceptionable	adj
exceptional	adj|n
exceptionally	adv
excerpt	n|v
excess	adj|n|v
excessive	adj
excessively	adj|adv
exchange	n|v
exchequer	n|v
excise	n|v
excitability	n
excitable	adj
excite	v
excitement	n
exciting	adj|n|v
exclaim	n|v
exclamation	n
exclude	v
exclusion	n
exclusive	adj|n
exclusively	adv
excogitate	v
excoriate	adj|v
excrement	n
excrete	v
excruciate	adj|v
exculpate	v
excursion	n|v
excursive	adj
excuse	n|v
execrable	adj
execrate	v
execration	n
execute	v
execution	n
executive	adj|n
exemplary	adj|n
exemplify	v
exempt	adj|n|v
exemption	n
exercise	n|v
exert	v
exertion	n
exhale	n|v
exhaust	adj|n|v
exhausted	adj|v
exhausting	adj|v
exhaustion	n
exhaustive	adj
exhibit	n|v
exhibition	n|v
exhilarate	v
exhilarating	adj|v
exhilaration	n
exhort	v
exhume	v
exigent	adj|n
exiguous	adj
exile	n|v
exist	v
existence	n
existent	adj|n
existential	adj|n
existing	adj|v
exit	n|v
exocrine	adj|n
exodus	n|v
exonerate	adj|v
exorbitant	adj
exorcise	v
exotic	adj|n
expand	v
expanding	v
expanse	n
expansion	n
expansive	adj
expatiate	v
expatriate	adj|n|v
expect	v
expectancy	n
expectation	n
expediency	n
expedient	adj|n
expedite	adj|v
expedition	n|v
expeditious	adj
expel	v
expend	v
expenditure	n
expense	n|v
expenses	n|v
expensive	adj
experience	n|v
experienced	adj|v
experiment	n|v
experimental	adj|n
experimentally	adv
experimentation	n
experiments	n|v
expert	adj|n|v
expertise	n|v
expiate	v
expiation	n
expiration	n
expire	v
explain	v
explanation	n
explicable	adj
explicate	adj|v
explicit	adj|n|phrase
explode	v
exploit	n|v
exploitation	n
exploration	n
explore	n|v
explorer	n
explosion	n
explosive	adj|n
exponent	n
exponential	adj|n
exponentially	adv
export	adj|n|v
expose	v
exposition	n
expository	adj
expostulate	v
exposure	n
expound	v
express	adj|adv|n|v
expression	n
expressive	adj|n
expressly	adv
expropriate	v
expulsion	n
expunge	v
expurgate	v
exquisite	adj|n
extant	adj
extemporaneous	adj
extemporize	v
extend	n|v
extended	adj|v
extension	n
extensive	adj
extent	adj|n
extenuate	adj|v
exterior	adj|n
exterminate	v
external	adj|n
externalize	v
extinct	adj|n|v
extinction	n
extinguish	v
extirpation	n
extol	v
extort	adj|v
extra	adj|adv|n
extract	n|v
extraction	n
extracurricular	adj|n
extradite	v
extraneous	adj
extraordinarily	adv
extraordinary	adj|n
extrapolate	v
extravagance	n
extravagant	adj
extreme	adj|adv|n
extremely	adv
extremist	adj|n
extremity	n
extricable	adj
extricate	v
extrinsic	adj|n
extrovert	adj|n|v
extrude	v
exuberance	n
exuberant	adj
exude	v
exult	v
exultant	adj
eye	n|v
eye-catching	adj
eyebrow	n|v
eyesight	n
eyewitness	n|v
f	adj|interj|n|num|v
fable	n|v
fabric	n|v
fabricate	v
fabrication	n
fabulous	adj
facade	n|v
face	adv|n|phrase|v
facelift	n|v
facet	n|v
facetious	adj
facial	adj|n
facile	adj
facilitate	v
facilitation	n
facilities	n
facility	n
facsimile	n|v
fact	interj|n
faction	n
factious	adj
factitious	adj
factor	n|v
factorable	adj
factories	n
factors	n|v
factory	adj|n
factotum	n
factual	adj|n
faculty	n
fad	n
faddish	adj
fade	adj|n|v
fag	n|v
fagot	n|v
fahrenheit	adj
fail	adj|n|v
fail-safe	adj|n|v
failure	n
faint	adj|n|v
fainthearted	adj
fair	adj|adv|n|v
fairly	adv
fairness	n
fairy	adj|n
faith	adv|interj|n
faithful	adj|n
faithfulness	n
fake	adj|n|v
falcon	n|v
falconer	n
falcons	n|v
fall	interj|n|v
fallacious	adj
fallacy	n
fallibility	n
fallible	adj
fallow	adj|n|v
false	adj|adv|n|v
falsehood	n
falsify	v
falter	n|v
fame	n|v
familiar	adj|n
familiarity	n
familiarize	v
families	n
family	adj|n
famine	n
famish	v
famous	adj|v
fan	n|v
fanatic	adj|n
fanatical	adj
fanaticism	n
fanciful	adj
fancy	adj|adv|n|v
fanfare	n|v
fang	n|v
fantasia	n
fantastic	adj|n
fantasy	n|v
far	adj|adv|n|v
far-reaching	adj
farce	n|v
fare	n|v
farewell	adj|interj|n|v
farm	n|v
farmer	n
farmers	n
farming	adj|n|v
farms	n|v
farrow	adj|n|v
farther	adj|adv|v
fascia	n
fascinate	v
fascinating	adj|v
fascination	n
fashion	n|v
fashionable	adj|n
fast	adj|adv|interj|n|phrase|v
fasten	v
fastener	n
fastidious	adj
fastness	n
fat	adj|n|v
fatal	adj|n
fatalism	n
fate	n|v
fateful	adj
father	n|v
father-in-law	n
fathom	n|v
fatigue	n|v
fatten	v
fatuity	n
fatuous	adj
faucet	n
fault	n|v
faultfinder	n
faultless	adj
faulty	adj
fauna	n
favor	n|v
favorable	adj
favored	adj|v
favorite	adj|n|v
favour	n|v
favourable	adj
favourite	adj|n|v
fawn	adj|n|v
fax	interj|n|v
faze	v
fealty	n
fear	adj|n|v
fearful	adj|adv
fearless	adj
feasible	adj
feast	n|v
feat	adj|n|v
feather	n|v
feature	n|v
features	n|v
febrile	adj
february	n
feckless	adj
fecund	adj
fecundity	n
federal	adj|n
federation	adj|n
fee	n|v
feeble	adj|v
feed	n|v
feedback	n|v
feeder	n
feel	adj|adv|n|pron|v
feeling	adj|n|v
fees	n|v
feet	n
feign	v
feigned	adj|v
feint	adj|n|v
feisty	adj
felicitate	adj|v
felicitous	adj
feline	adj|n
fell	adj|adv|n|v
fellow	n|v
fellowship	n|v
felon	adj|n
felony	n
felt	adj|n|v
female	adj|n
feminine	adj|n
feminism	n
feminist	adj|n
fence	n|v
fencing	n|v
fend	n|v
fender	n|v
feral	adj|n
ferment	n|v
fermentation	n
fern	n
ferocious	adj
ferret	n|v
ferries	n|v
ferromagnetic	adj
ferrous	adj
ferry	n|v
fertile	adj|n
fertilize	v
fertilizer	n
fervent	adj
fervid	adj
fervor	n
festal	adj
fester	n|v
festival	adj|n
festive	adj
fetch	interj|n|v
fete	n|v
fetid	adj|n
fetish	n
fetter	n|v
fetus	n
feud	n|v
feudal	adj
fever	n|v
feverish	adj
few	det|n|pron
fiasco	n
fiat	n|v
fiber	n
fibre	n
fickle	adj|n|v
fiction	n
fictional	adj
fictitious	adj
fidelity	n
fidget	n|v
field	n|v
fiend	n|v
fierce	adj|adv
fifteen	n|num
fifth	adj|n|v
fifty	n|num
fig	n|v
fight	n|v
fighter	n
figment	n
figurative	adj
figure	n|v
figurehead	n|v
figures	n|phrase|v
figurine	n
filament	n
filch	n|v
file	n|v
filial	adj
filibuster	n|v
filigree	n|v
filings	n
fill	n|v
fillet	n|v
filly	n
film	n|v
filmed	adj|v
filter	n|v
filth	n
filthy	adj|v
finable	adj
final	adj|n|v
finale	n
finally	adv
finance	n|v
financial	adj
financing	n|v
finch	n|v
find	n|v
finding	n|v
fine	adj|adv|interj|n|v
finely	adv
finery	n
finesse	n|v
finger	n|v
fingernail	n
fingers	n|v
fingertip	n|v
finicky	adj
finish	n|v
finite	adj|n
fir	adj|n
fire	adj|interj|n|v
firearm	n
firebrand	n
firefighter	n
firefly	n
fireman	n
fireplace	n
fireproof	adj|v
firewood	n
firework	n
firm	adj|adv|n|v
firmly	adv
firmness	n
firms	n|v
first	adj|adv|n|v
first-aid	
first-rate	adj|n
fiscal	adj|n
fish	n|v
fisherman	n
fishery	n
fishing	n|v
fishy	adj|n
fissile	adj
fission	n|v
fissure	n|v
fist	n|v
fit	adj|n|v
fitful	adj
fitness	n
fitting	adj|n|v
fittingly	adv
five	n|num
fix	n|v
fixate	v
fixed	adj|v
fixture	n|v
flabby	adj
flaccid	adj
flag	n|v
flagella	n
flagellate	adj|n|v
flagging	adj|n|v
flaggy	adj
flagrant	adj
flail	n|v
flair	n|v
flak	n
flake	n|v
flamboyant	adj|n
flame	adj|n|v
flaming	adj|n|v
flammable	adj|n
flange	n|v
flank	adj|n|v
flannel	adj|n|v
flap	n|v
flare	n|v
flash	adj|n|v
flashlight	n|v
flashy	adj
flask	n|v
flat	adj|adv|n|v
flatcar	n
flats	n|v
flatten	v
flatter	adj|n|v
flattering	adj|n|v
flatulence	n
flaunt	n|v
flaunty	adj
flavor	n|v
flavoring	n|v
flavour	n|v
flaw	n|v
flax	n
flay	n|v
flea	n|v
fleck	n|v
fledge	adj|v
fledgling	adj|n
flee	v
fleece	n|v
fleet	adj|n|v
fleeting	adj|n|v
flesh	n|v
flexibility	n
flexible	adj|n
flick	n|v
flicker	n|v
flickering	adj|n|v
flight	adj|n|v
flighty	adj
flimsy	adj|n|v
flinch	n|v
fling	n|v
flint	n|v
flip	adj|interj|n|v
flippant	adj
flirt	adj|n|v
flit	adj|n|v
float	n|v
flock	n|v
flood	n|v
floodgate	n
floodplain	n
floor	n|v
floors	n|v
floppy	adj|n
flora	n
floral	adj|n
florescence	n
florid	adj
flounder	n|v
flour	n|v
flourish	n|v
flourishment	n
flout	n|v
flow	n|v
flower	n|v
flowers	n|v
flu	n
fluctuate	adj|v
fluctuation	n
fluency	n
fluent	adj|n
fluff	n|v
fluffy	adj|n
fluid	adj|n
fluke	n|v
flunk	v
fluorescent	adj|n
flush	adj|adv|n|v
fluster	n|v
flustered	adj|v
flutter	n|v
fluvial	adj
flux	adj|n|v
fly	adj|n|v
flyover	n
flyspeck	n|v
foam	n|v
focus	n|v
fodder	n|v
foe	adj|n
fog	adj|n|v
fogged	adj|v
foggy	adj
foghorn	n|v
foible	adj|n
foil	n|v
foist	adj|n|v
fold	n|v
folder	n
folding	adj|n|v
foliage	n
folk	adj|n
folklore	n
follow	n|v
follower	n
following	adj|n|prep|v
folly	n|v
foment	n|v
fond	adj|n|v
fondle	n|v
food	n
foodstuff	n
fool	adj|n|v
foolish	adj
foolproof	adj|v
foot	n|v
football	n|v
foothold	n
footle	n|v
footnote	n|v
footpath	n
footstep	n
fop	adj|n
foppish	adj
for	conj|n|phrase|prep
forage	n|v
forager	n
foray	n|v
forbearance	n
forbes	n
forbid	v
forbidding	adj|n|v
force	n|v
forcible	adj
ford	n|v
fore	adj|adv|interj|n
forebear	n|v
forebode	n|v
forecast	n|v
foreclose	v
forefather	n
forefront	n|v
forehead	n
foreign	adj|n
foreigner	n
foreknowledge	n
foremost	adj|adv|n
forensic	adj
forerunner	n
foresee	v
foreseeable	adj
foreshadow	n|v
foresight	n
forest	n|v
forestall	n|v
forestry	n
foretell	v
forever	adj|adv|n
foreword	n
forfeit	adj|n|v
forfeiture	n
forge	n|v
forger	n
forgery	n
forget	n|v
forgetful	adj
forgive	v
forgo	v
fork	n|v
forlorn	adj|n|v
form	n|v
formal	adj|n
formality	n
formalized	v
format	n|v
formation	n
formative	adj|n
former	adj|n
formerly	adv
formidable	adj
forms	n|v
formula	n
formulate	v
formulation	n
forsake	v
forswear	v
fort	n|v
forte	adj|adv|n
forth	adj|adv|n|prep
forthcoming	adj|n|v
forthright	adj|adv|n
fortify	v
fortitude	n
fortnight	n
fortress	n|v
fortuitous	adj
fortuitously	adv
fortunate	adj
fortunately	adv
fortune	n|v
forty	adj|n|num
forum	n
forward	adj|adv|n|v
fosse	n
fossil	n
fossilize	v
fossilized	adj|v
fossils	n
foster	adj|n|v
foul	adj|n|v
found	n|v
foundation	n
founder	n|v
founding	adj|n|v
fountain	n|v
four	n|num
four-poster	adj|n
fourteen	num
fourth	adj|n|v
fowl	adj|n|v
fox	n|v
foyer	n
fracas	n
fraction	n|v
fractional	adj|n
fractious	adj
fracture	n|v
fragile	adj|n
fragility	n
fragment	n|v
fragmentary	adj
fragrance	n|v
fragrant	adj
frail	adj|n|v
frame	n|v
framework	n
franc	n
france	n
frank	adj|n|v
frantic	adj|n
fraternal	adj|n
fraternity	n
fraud	n|v
fraudulent	adj
fraught	adj|n|v
fray	n|v
freak	adj|n|v
freckle	n|v
free	adj|adv|n|num|v
freedom	n
freelancer	n
freely	adj|adv
freeway	n
freeze	n|v
freezing	adj|n|v
freight	adj|n|v
freighter	n
french	adj|n|v
frenchman	n
frenetic	adj|n
frenzy	adj|n|v
frequency	n
frequent	adj|v
frequently	adv
fresco	n|v
fresh	adj|adv|n|v
freshen	v
freshly	adv
freshness	n
fret	n|v
fretwork	n
friable	adj
friction	n
friday	adv|n
fridge	n|v
fried	adj|n|v
friend	n|v
friendly	adj|adv|n
friendship	n
frieze	n|v
fright	adj|n|v
frighten	v
frightening	adj|v
frightful	adj|adv
frigid	adj
frigidity	n
fringe	adj|n|v
frisk	adj|n|v
frisky	adj
fritter	n|v
frivolity	n
frivolous	adj
fro	adv|n|prep
frock	n|v
frog	n|v
frolic	adj|n|v
frolicsome	adj
from	prep
frond	n
front	adj|interj|n|v
frontier	n|v
frost	n|v
frothy	adj|n
frown	n|v
frowzy	adj
fructify	v
frugal	adj
frugality	n
fruit	n|v
fruitful	adj
fruitfulness	n
fruition	n
fruitless	adj
fruitlessly	adv
frustrate	adj|v
frustrating	adj|v
frustration	n
fry	n|v
fuel	n|v
fulcrum	n
fulfil	v
fulfill	v
full	adj|adv|n|v
full-blown	adj
full-bodied	adj
full-fledged	adj
full-time	adj|adv
fulminate	n|v
fulsome	adj
fumble	n|v
fume	n|v
fumigate	v
fun	adj|n|v
function	n|v
functional	adj|n
functionary	n
functioning	adj|n|v
fund	n|v
fund-raising	n
fundamental	adj|n
funding	n|v
funeral	adj|n
funereal	adj
fungi	n
fungicide	n
fungus	n
funnel	n|v
funny	adj|adv|n
fur	conj|n|prep|v
furbish	v
furious	adj
furnace	n|v
furnish	n|v
furnished	adj|v
furnishing	n|v
furniture	n
furor	n
furrow	n|v
furry	adj|n
further	adj|adv|v
furthermore	adj|adv
furtive	adj
fury	n
fuse	n|v
fused	adj|v
fusillade	n|v
fusion	n|v
fuss	n|v
fussy	adj|n
fustian	adj|n
fusty	adj
futile	adj
futility	n
future	adj|n
fuzz	n|v
gab	n|v
gabble	n|v
gadfly	n
gadget	n
gaffe	n
gag	n|v
gage	n|v
gaggle	n|v
gaiety	n
gaily	adv
gain	adj|adv|n|prep|v
gainful	adj
gainsay	v
gait	n|v
galaxy	n|v
gale	n|v
gall	n|v
gallant	adj|n|v
gallantry	n
gallery	n|v
galley	n
gallon	n
gallop	n|v
gallows	adv|n|v
galvanization	n
galvanize	v
gamble	n|v
gambol	n|v
game	adj|n|v
gamma	n
gamut	n
gander	n|v
gang	n|v
gangling	adj|n
gangly	adj
gangrene	n|v
gangster	adj|n|v
gangway	interj|n|v
gaol	n|v
gap	n|v
gape	n|v
garage	n|v
garb	n|v
garbage	adj|n|v
garble	n|v
garbled	adj|v
garden	adj|n|v
gardener	n
gardenia	n
gardening	n|v
gargantuan	adj
gargoyle	n
garish	adj
garland	n|v
garlic	n|v
garment	n|v
garner	n|v
garnish	n|v
garret	n
garrulity	n
garrulous	adj
gas	adj|n|v
gaseous	adj
gash	adj|n|v
gasification	n
gasoline	adj|n
gasp	adj|interj|n|v
gastric	adj
gastritis	n
gastronomy	n
gate	n|v
gather	n|v
gathering	adj|n|v
gauche	adj
gaucherie	n
gaudy	adj|n
gauge	n|v
gaunt	adj|n
gavel	n|v
gay	adj|adv|n|v
gaze	n|v
gazette	n|v
gazetteer	n|v
gear	adj|n|v
gem	n|v
gemstone	n
gender	adj|n|v
gene	n
genealogist	n
genealogy	n
general	adj|adv|n|v
generality	n
generalization	n
generalize	v
generally	adv
generate	adj|v
generation	n
generator	n
generic	adj|n
generosity	n
generous	adj
genesis	n
genetic	adj
genetically	adv
genetics	n
genial	adj
genius	adj|n
genome	n
genre	n|v
genteel	adj
gentility	n
gentle	adj|n|v
gentleman	n
gently	adv
gentry	n
genuflect	v
genuine	adj
genus	n
geographic	adj
geographical	adj|n
geography	n
geologic	adj
geology	n
geomagnetic	adj
geometric	adj
geometrical	adj
geometrician	n
geometry	n
germ	n|v
german	adj|n
germane	adj|n
germany	n
germicide	n
germinate	v
gerontocracy	n
gerontology	n
gerrymander	n|v
gestate	v
gesticulate	v
gesture	n|v
get	n|v
geyser	n|v
ghastly	adj|adv
ghost	adj|n|v
giant	adj|n
gibbon	n
gibe	n|v
giddy	adj|n|v
gift	n|v
gifted	adj|v
gigantic	adj
giggle	n|v
gild	n|v
gilding	n|v
gimmick	n|v
ginger	adj|adv|n|v
gingerly	adj|adv
giraffe	n
girder	n
girdle	n|v
girl	n|v
girlfriend	n|v
girth	n|v
gist	n|v
give	n|v
glacial	adj|n
glacier	n
glad	adj|n|v
glade	n
gladiator	n|v
glamor	n|v
glamorous	adj
glamour	n|v
glance	n|v
gland	n
glandular	adj|n
glare	adj|n|v
glaring	adj|n|v
glass	n|v
glasshouse	n
glassware	n
glassy	adj|n
glaze	n|v
glazed	adj|n|v
gleam	n|v
glean	n|v
glee	n|v
glib	adj|n|v
glide	n|v
glider	n
glimmer	n|v
glimpse	n|v
glisten	n|v
glitch	n|v
glitter	n|v
gloaming	n|v
gloat	n|v
global	adj|adv|n
globe	n|v
gloom	n|v
gloomy	adj|n
glorify	v
glorious	adj
glory	n|v
gloss	n|v
glossary	n
glossy	adj|n
glove	n|v
glow	n|v
glower	n|v
glowing	adj|n|v
glucose	n
glue	n|v
glut	n|v
glutinous	adj
gluttonous	adj
gnarled	adj|v
gnat	n
gnaw	n|v
gnawing	adj|n|v
gnome	n|v
gnomic	adj
go	adj|n|v
goad	n|v
goal	n|v
goals	adj|n|v
goat	n|v
gobble	n|v
goblet	n
god	interj|n|v
goddess	n
goggle	n|v
gold	adj|adv|n|v
goldbrick	n|v
golden	adj|n|v
goldfish	n
golf	n|v
gong	n|v
good	adj|adv|interj|n|v
goodby	interj|n
goodbye	interj|n|v
goodness	interj|n
goods	n|v
goodwill	n|v
goose	n|v
gorge	adj|n|v
gorgeous	adj
gorilla	n
gormandize	v
gosling	n
gospel	n|v
gossamer	adj|n
gossip	n|v
gouge	n|v
gourmand	n
gourmet	adj|n
govern	n|v
governance	n
government	n
governments	n
governor	n
gown	n|v
grab	n|v
grace	n|v
graceful	adj
gracious	adj|interj
gradation	n|v
grade	n|v
gradient	adj|n
gradual	adj|n
gradually	adv
graduate	adj|n|v
graduated	adj|v
graduates	n|v
graduation	n
graft	n|v
grain	n|v
gram	n|v
grammar	n|v
grammatical	adj
gramme	n
gramophone	n
granary	n
grand	adj|n
grandchild	n
granddaughter	n
grandeur	n
grandfather	n|v
grandiose	adj
grandma	n|v
grandmother	n
grandpa	n
grandparent	n|v
grandparents	n|v
grandson	n
grandstand	n|v
granite	n
granny	adj|n|v
grant	n|v
grants	n|v
granular	adj
granule	n
grape	adj|n|v
graph	n|v
graphic	adj|n
graphics	n
graphite	n|v
grasp	n|v
grasping	adj|n|v
grass	n|v
grasshopper	n|v
grassy	adj|n
grate	adj|n|v
grateful	adj
gratification	n
gratify	v
grating	adj|n|v
gratis	adj|adv
gratitude	n
gratuitous	adj
gratuity	n
grave	adj|n|v
gravel	n|v
gravitation	n
gravitational	adj
gravity	n
gray	adj|n|v
graze	n|v
grease	n|v
greasy	adj|n
great	adj|adv|interj|n
greatly	adv
greece	n
greed	n|v
greedy	adj
greek	adj|n|v
green	adj|interj|n|v
greengrocer	n
greenhorn	n
greenhouse	n|v
greet	adj|n|v
greeting	n|v
gregarious	adj
gregariousness	n
grenade	n|v
grey	adj|n|v
grid	n|v
gridiron	n|v
grief	n|v
grievance	n
grieve	n|v
grievous	adj
grill	adj|n|v
grim	adj|n|v
grimace	n|v
grin	n|v
grind	n|v
grip	n|v
gripe	n|v
gripping	adj|n|v
grisly	adj|adv|n
gristle	n
grit	adj|n|v
groan	n|v
grocer	n|v
grocery	n|v
groom	n|v
groove	n|v
grope	n|v
gross	adj|n|v
grotesque	adj|n|v
grotto	n
grouch	n|v
grouchy	adj
ground	adj|n|v
grounded	adj|v
group	n|v
groups	n|v
grouse	adj|n|v
grove	n|v
grovel	v
grow	n|v
growl	n|v
growth	n
grudge	n|v
gruel	n|v
grueling	adj|n|v
gruesome	adj
gruff	adj|n|v
grumble	n|v
grumpy	adj|n
grunt	n|v
guarantee	n|v
guard	n|v
guardian	n
guess	n|v
guest	n|v
guests	n|v
guffaw	n|v
guidance	n
guide	n|v
guideline	n|v
guild	n
guile	n|v
guileless	adj
guillotine	n|v
guilt	adj|n|v
guilty	adj|n
guise	n|v
guitar	n|v
gulch	n|v
gulf	n|v
gull	n|v
gullible	adj|n
gully	n|v
gulp	interj|n|v
gum	n|v
gun	n|v
gunpowder	n|v
guru	n|v
gush	n|v
gusher	n
gust	n|v
gustation	n
gustatory	adj
gusto	n
gusty	adj
gut	adj|n|v
gutless	adj
gutter	adj|n|v
guttle	n|v
guy	n|v
guzzle	n|v
gym	n|v
gymnasium	n
gymnastic	adj|n
gymnastics	n
gynaecocracy	n
gyrate	adj|v
gyration	n
ha	interj|n|v
habit	n|v
habitable	adj
habitat	n
habits	n|v
habitual	adj|n
habituate	v
hack	interj|n|v
hackneyed	adj|v
haft	n|v
haggard	adj|n
haggle	v
hail	adj|interj|n|v
hair	n|v
haircut	n|v
halcyon	adj|n
hale	adj|n|v
half	adj|adv|interj|n|prep|v
halfhearted	adj
hall	n
hallmark	n|v
hallow	adj|n|v
hallowed	adj|v
hallucination	n
hallway	n
halo	n|v
halt	adj|n|v
halting	adj|n|v
halve	v
ham	adv|n|v
hamburger	n|v
hamlet	n
hammer	n|v
hamper	n|v
hamstring	n|v
hand	n|phrase|v
handbag	n|v
handball	n|v
handbook	n
handcrafted	adj
handedness	n
handful	n
handicap	n|v
handicraft	n
handkerchief	n
handle	n|v
handling	n|v
handout	adj|n
hands-on	adj|n
handsome	adj|v
handtruck	n
handwriting	n|v
handy	adj|n
hang	n|v
hangar	n|v
hangdog	adj|n|v
hankering	n|v
haphazard	adj|adv|n
happen	adv|v
happily	adv
happiness	n
happy	adj|n|v
harangue	n|v
harass	n|v
harassment	n
harbinger	n|v
harbor	n|v
harbour	n|v
hard	adj|adv|n|v
hard-working	adj
hardbitten	adj
harden	n|v
hardheaded	adj
hardihood	n
hardly	adv|interj
hardness	n
hardship	n|v
hardware	n
hardworking	adj
hardy	adj|n
hare	adj|n|v
harm	n|v
harmful	adj
harmless	adj
harmonic	adj|n
harmonica	n
harmonious	adj
harmonize	v
harmony	n
harness	n|v
harp	n|v
harpoon	n|v
harpsichord	n
harridan	n
harrow	interj|n|v
harrowing	adj|n|v
harry	n|v
harsh	adj|n|v
harshly	adv
harshness	n
harvest	n|v
hassle	adj|n|v
haste	n|v
hasten	n|v
hasty	adj|n
hat	n|v
hatch	n|v
hatchery	n
hatchet	n|v
hatchling	n
hate	n|v
hateful	adj
hatred	n
hats	n|v
haughty	adj
haul	n|v
haunt	n|v
haunted	adj|v
hauteur	n
have	n|v
haven	n|v
havoc	interj|n|v
hawk	n|v
hawker	n
hawser	n
hay	n|v
hazard	n|v
hazardous	adj
haze	n|v
hazel	adj|n
hazy	adj|n
he	adj|det|interj|n|phrase|pron
head	adj|n|v
headache	n
heading	n|v
headline	n|v
headlong	adj|adv|v
headmaster	n
headmistress	n
headquarters	n|v
headstrong	adj
headteacher	n
headway	n
heal	n|v
healing	n|v
health	n
healthcare	n
healthful	adj
healthy	adj
heap	adv|n|v
hear	interj|v
hearing	adj|n|v
hearken	v
hearsay	n
heart	n|v
heartbeat	n
hearten	v
hearth	n
heartrending	adj
hearty	adj|n
heat	n|v
heater	n
heating	adj|n|v
heave	n|v
heaven	n|v
heavenly	adj|adv|n
heavily	adv
heavy	adj|adv|n|v
heavy-handedness	n
heckle	n|v
hectic	adj|n
hector	n|v
hedge	n|v
hedgehog	n|v
hedonic	adj
hedonism	n
hedonist	n
heed	n|v
heedless	adj
heel	n|v
hegemony	n
height	n
heighten	v
heinous	adj
heir	n|v
heirloom	n
helicopter	n|v
heliotrope	adj|n
helium	n
hell	adv|interj|n|v
hello	interj|n|v
helm	n|v
helmet	n|v
helot	n
help	interj|n|v
helper	n
helpful	adj
helpless	adj
helpline	n
helve	n|v
hem	interj|n|pron|v
hemisphere	n
hemophilia	n
hemorrhage	n|v
hemostat	n
hen	adv|n|v
hence	adv|interj|n|v
henceforth	adv
henpecked	adj
hens	n
hepatitis	n
her	det|n|pron
herald	n|v
herb	n
herbaceous	adj
herbicide	n
herbivorous	adj
herculean	adj
herd	n|v
herder	n
herdsman	n
here	adj|adv|interj|n
hereditary	adj|n
heredity	n
heresy	n
heretic	adj|n
heretical	adj
heritage	n
hermetic	adj
hermit	n
hero	n|v
heroic	adj|n
heroin	n
heroine	adj|n
heroism	n
herpetologist	n
hers	n|pron
herself	pron
hesitate	v
heterodox	adj
heterogeneous	adj
hew	n|v
hexagon	n
hey	interj|n|v
heyday	interj|n
hi	adj|interj|n
hiatus	n
hibernate	v
hibernation	n
hide	n|v
hidebound	adj
hideous	adj
hie	interj|v
hierarchy	n
hieroglyph	n|v
hieroglyphic	adj|n
high	adj|adv|n|v
high-rise	adj|n
highbrow	adj|n
higher	adj|adv|n|v
highland	adj|n
highlight	n|v
highly	adv
highway	n|v
hijack	n|v
hike	interj|n|v
hilarious	adj
hilarity	n
hill	n|v
hillbilly	n|v
hillside	n
hilly	adj
hilt	n|v
him	n|pron
himself	pron
hinder	adj|n|v
hindrance	n
hinge	n|v
hint	interj|n|v
hinterland	n
hints	n|v
hip	adj|interj|n|v
hippopotamus	n
hire	n|v
hiring	n|v
hirsute	adj|n
his	det|n|pron
hispanic	adj|n
hiss	n|v
histology	n
historian	n
historic	adj|n
historical	adj|n
history	n|v
histrionic	adj
hit	adj|n|pron|v
hitchhike	n|v
hitherto	adj|adv
hits	det|n|v
hive	n|v
hoard	n|v
hoarse	adj|n|v
hoary	adj
hoax	n|v
hobbies	n
hobble	n|v
hobby	n
hodgepodge	n|v
hoe	n|v
hoist	n|v
hold	adj|n|v
holder	n
hole	adj|n|v
holiday	n|v
hollow	adj|adv|interj|n|v
holocaust	n|v
holograph	adj|n|v
holster	n|v
holy	adj|interj|n
homage	n|v
home	adj|adv|n|v
homeland	n
homely	adj
homemade	adj
homeostasis	n
homesick	adj
homespun	adj|n
hometown	n
homework	n
homicide	n
homiletics	n
homily	adv|n
hominid	adj|n
homogeneity	n
homogeneous	adj
homogenize	v
homograph	n
hone	interj|n|v
honest	adj|adv|v
honesty	n
honey	adj|n|v
honeymoon	n|v
honor	interj|n|v
honorable	adj|n
honorarium	n
honour	interj|n|v
honourable	adj|n
hoodwink	n|v
hoof	n|v
hook	n|v
hoop	n|v
hooray	interj|n|v
hop	n|v
hope	n|v
hopeful	adj|n
hopeless	adj
horde	n|v
horizon	n
horizontal	adj|n
hormone	n|v
horn	n|v
hornbill	n
horned	adj|v
hornet	n
horology	n
horrendous	adj
horrible	adj|n
horrific	adj
horror	n
horse	n|v
horsepower	n
horses	n|v
hortative	adj|n
horticulture	n
hose	n|v
hospitable	adj
hospital	adj|n
hospitality	n
host	n|v
hostage	n|v
hostess	n|v
hostile	adj|n
hostility	n
hot	adj|adv|n|v
hotdog	n|v
hotel	n
hound	n|v
hour	n
house	n|v
household	adj|n
households	n
housekeeping	n
housewife	n|v
housework	n
housing	n|v
hovel	n|v
hover	n|v
hovercraft	n
how	adv|conj|interj|n
however	adv|conj
howl	n|v
howler	n
hub	n
hubbub	n|v
hubris	n
huckster	n|v
huddle	adj|n|v
hue	n
hug	n|v
huge	adj
hulk	n|v
hull	n|v
hum	interj|n|v
human	adj|n|v
humane	adj
humanist	adj|n
humanistic	adj
humanitarian	adj|n
humanity	n
humans	n|v
humble	adj|n|v
humdrum	adj|n
humid	adj
humidity	n
humiliate	v
humiliation	n
humility	n
hummingbird	n
humor	n|v
humorous	adj
humour	n|v
hump	n|v
hunch	n|v
hundred	n|num
hunger	n|v
hungry	adj|v
hunk	n
hunt	n|v
hunter	n
hunting	n|v
hurdle	n|v
hurl	n|v
hurrah	interj|n|v
hurricane	n|v
hurry	n|v
hurt	adj|n|v
husband	n|v
husbandry	n
hush	n|v
husk	n|v
husky	adj|n
hustle	n|v
hut	interj|n|v
hybrid	adj|n
hydrant	n
hydrate	n|v
hydraulic	adj|v
hydrocarbon	n
hydrogen	n
hydrosphere	n
hygiene	n|v
hymn	n|v
hyperactivity	n
hyperbole	n
hypersensitive	adj
hypertension	n
hyphen	conj|n|v
hypnotic	adj|n
hypocrisy	n
hypocrite	n
hypocritical	adj
hypodermic	adj|n
hypotenuse	n
hypotheses	n
hypothesis	n
hypothesize	v
hypothetical	adj|n
hysteria	n
hysterical	adj
i	interj|n|num|pron
i.e.	adv
ice	adj|n|phrase|v
ice cream	n
ice-cream	n
iceberg	n
iceland	n
ichthyosaur	n
icicle	n
icing	n|v
icon	n
iconoclast	n
iconoclastic	adj
iconographic	adj
icy	adj|n
idea	n
ideal	adj|n
idealism	n
ideally	adv
ideas	n
identical	adj|n
identifiable	adj
identification	n
identify	v
identities	n
identity	n
ideological	adj
ideology	n
idiocy	n
idiom	n
idiomatic	adj|n
idiosyncrasy	n
idiot	adj|n
idiotic	adj
idle	adj|n|v
idleness	n
idol	n
idolater	n
idolatrize	v
idolize	v
idyll	n
idyllic	adj|n
if	conj|n
igneous	adj
ignite	v
ignoble	adj|v
ignominious	adj
ignominy	n
ignorance	n
ignorant	adj|n
ignore	v
ill	adj|adv|n|v
illegal	adj|n
illegible	adj
illegitimate	adj|n|v
illiberal	adj|n
illicit	adj|n
illiterate	adj|n
illness	n
illuminate	adj|n|v
illuminati	n
illumination	n
illusion	n
illusive	adj
illusory	adj
illustrate	v
illustration	n
illustrious	adj
image	n|v
imagery	n
imaginary	adj|n
imagination	n
imaginative	adj
imagine	n|v
imbalance	n
imbecile	adj|n
imbibe	v
imbroglio	n
imbue	v
imitate	v
imitation	n
imitative	adj
immaculate	adj
immanent	adj
immediate	adj
immediately	adv|conj
immemorial	adj
immense	adj|n
immensity	n
immerse	adj|v
immigrant	adj|n
immigrate	v
immigration	n
imminent	adj
immobile	adj|n
immobility	n
immobilize	v
immodesty	n
immolate	adj|v
immortal	adj|n
immune	adj|n|v
immunity	n
immunize	v
immure	n|v
imp	n|v
impact	n|v
impair	adj|n|v
impale	v
impalpable	adj
impart	v
impartial	adj
impartially	adv
impasse	n
impassible	adj
impassioned	adj
impassive	adj
impatient	adj
impeach	v
impeccable	adj
impecunious	adj
impede	v
impediment	n
impel	v
impend	v
impending	adj|n|v
impenetrable	adj|n
impenitent	adj|n
imperative	adj|n
imperial	adj|n
imperil	v
imperious	adj
impermanent	adj
impermeability	n
impermeable	adj
impersonal	adj|n
impersonate	v
impersonation	n
impertinence	n
impertinent	adj|n
imperturbable	adj
impervious	adj
impetuous	adj
impetus	n
impinge	v
impious	adj
implant	n|v
implausible	adj
implement	n|v
implicate	adj|n|v
implication	n
implicit	adj
implode	v
implore	n|v
imply	n|v
impolitic	adj
imponderable	adj|n
import	n|v
importance	n
important	adj
imports	n|v
importune	adj|n|v
impose	n|v
imposing	adj|v
impossible	adj|n
impostor	n
imposture	n
impotence	n
impoverish	v
impracticality	n
imprecate	v
imprecation	n
imprecise	adj
impregnable	adj
impresario	n
impress	n|v
impressed	adj|v
impression	n|v
impressionable	adj|n
impressive	adj
imprint	n|v
imprison	v
imprisonment	n
improbable	adj
impromptu	adj|adv|n
improper	adj|v
impropriety	n
improve	v
improvement	n
improvident	adj
improvise	v
improvised	adj|v
improviser	n
imprudent	adj
impudent	adj
impugn	v
impuissance	n
impulse	n|v
impulsive	adj|n
impunity	n
impure	adj|v
impurity	n
imputation	n
impute	v
in	adj|adv|n|prep|v
in spite of	prep
inability	n
inaccessible	adj|n
inaccurate	adj
inactivate	v
inadequate	adj|n
inadvertence	n
inadvertently	adv
inalienable	adj
inane	adj|n
inanimate	adj|n|v
inappreciable	adj
inappropriate	adj
inapt	adj
inasmuch	adv
inaugural	adj|n
inaugurate	adj|v
inborn	adj
incandescence	n
incandescent	adj|n
incantation	n
incapable	adj|n
incapacitate	v
incarcerate	adj|v
incarnate	adj|v
incendiary	adj|n
incense	n|v
incentive	adj|n
inception	n
incertitude	n
incessant	adj
inch	adj|n|v
inchoate	adj|n|v
incidence	n
incident	adj|n
incidentally	adv
incinerate	adj|v
incipient	adj|n
incise	v
incision	n
incisive	adj
incisor	n
incite	v
inclement	adj
inclination	n
incline	n|v
inclined	adj|v
include	n|v
inclusive	adj
incogitant	adj
incoherent	adj|n
income	n
incoming	adj|interj|n
incommensurate	adj
incompatible	adj|n
incompetent	adj|n
incomplete	adj|n
incomprehensible	adj|n
inconceivable	adj
inconclusive	adj
incongruent	adj
incongruity	n
incongruous	adj
inconsequential	adj|n
inconstancy	n
incontrovertible	adj
inconvenient	adj|n
incorporate	adj|v
incorporation	n
incorporeal	adj|n
incorrect	adj|n
incorrigibility	n
incorrigible	adj|n
incorruptible	adj|n
increase	n|v
increasingly	adv
incredible	adj
incredulity	n
increment	n|v
incriminate	v
incrustation	n
incubate	n|v
incubation	n
incubator	n
incubus	n
inculcate	adj|v
inculpate	v
incumbent	adj|n
incur	v
indebted	adj|v
indecent	adj
indecipherable	adj
indecisive	adj
indeed	adv|interj
indefatigable	adj|n
indefinite	adj|n
indefinitely	adv
indelible	adj
indemnify	v
indemnity	n
indent	n|v
indented	adj|v
indenture	n|v
independence	n
independent	adj|n
indeterminate	adj|n
index	n|v
india	n
indian	adj|n
indicate	v
indication	n
indicative	adj|n
indicator	n
indices	n
indict	v
indictment	n
indifference	n
indifferent	adj|adv|n
indigence	n
indigenous	adj
indigent	adj|n
indigestion	n
indignant	adj
indignation	n
indignity	n
indirect	adj|n|v
indiscriminately	adv
indiscrimination	n
indispensability	n
indispensable	adj|n
indite	n|v
individual	adj|n
individualism	n
indoctrinate	v
indolent	adj
indomitable	adj
indoor	adj
indoors	adv|n
indubitable	adj|n
induce	v
inducible	adj
induct	v
induction	n
indulge	v
indurate	adj|v
industrial	adj|n
industrialization	n
industrialize	v
industrialized	adj|v
industrious	adj
industry	n
inebriate	adj|n|v
ineffable	adj
ineffaceable	adj
ineffectual	adj
inefficient	adj|n
inelastic	adj
inelasticity	n
ineligible	adj|n
ineluctable	adj
inept	adj
ineptitude	n
inequity	n
inert	adj|n|v
inertia	n
inevitable	adj|n
inevitably	adv
inexhaustible	adj
inexorable	adj
inexpedient	adj
inexpensive	adj
inexpiable	adj
inexplicable	adj|n
inextricably	adv
infallible	adj|n
infamous	adj
infancy	n
infant	adj|n|v
infantile	adj
infantry	n
infatuate	adj|n|v
infatuated	adj|v
infatuation	n
infect	adj|v
infection	n
infectious	adj
infelicitous	adj
infelicity	n
infer	v
inference	n
inferior	adj|n
inferiority	n
infernal	adj|n
inferno	n
infertile	adj
infest	adj|n|v
infiltrate	n|v
infinite	adj|n|num
infinitely	adv
infinitesimal	adj|n
infinity	n
infirm	adj|v
infirmary	n
infirmity	n
inflame	v
inflamed	adj|v
inflammation	n
inflate	v
inflation	n
inflexible	adj
inflict	v
infliction	n
influence	n|v
influential	adj|n
influenza	n
influx	n
inform	adj|v
informal	adj
information	n
informative	adj
informed	adj|v
informer	n
infraction	n
infrared	adj|n
infrastructure	n
infringe	v
infuriate	adj|v
infuse	v
infusion	n
ingenious	adj
ingeniously	adv
ingenuity	n
ingenuous	adj
ingest	n|v
ingestion	n
ingrained	adj|v
ingrate	adj|n
ingratiate	v
ingratiating	adj|v
ingredient	n
ingress	n|v
inhabit	v
inhabitant	adj|n
inhale	n|v
inherent	adj
inherit	v
inheritance	n
inhibit	v
inhibitor	n
inhumane	adj
inimical	adj
inimitable	adj
iniquitous	adj
iniquity	n
initial	adj|n|v
initially	adv
initiate	adj|n|v
initiative	adj|n
inject	v
injection	n
injunction	n
injure	v
injurious	adj
injury	n|v
injustice	n
ink	n|v
inkling	n|v
inland	adj|adv|n
inlet	n|v
inn	n|v
innate	adj|v
inner	adj|n
innermost	adj|n
innocence	n
innocent	adj|n
innocuous	adj
innovate	v
innovation	n
innovative	adj
innuendo	n|v
innumerable	adj
inoculate	n|v
inoffensive	adj
inordinate	adj
inorganic	adj|n
input	n|v
inquire	v
inquiries	n
inquiry	n
inquisitive	adj
inroad	n|v
insane	adj
insanity	n
insatiable	adj|n
inscribe	v
inscription	n
inscrutable	adj|n
insect	n
insecticide	n
insects	n
insensate	adj|n|v
insentient	adj
insert	n|v
inside	adj|adv|n|prep
insider	n
insidious	adj
insight	n
insightful	adj
insignia	n
insignificant	adj|n
insincerity	n
insinuate	adj|v
insipid	adj
insist	v
insistence	n
insistent	adj
insolate	v
insolence	n|v
insolent	adj|n
insoluble	adj|n
insolvency	n
insolvent	adj|n
insomnia	n
insouciance	n
insouciant	adj
inspect	v
inspection	n
inspector	n
inspiration	n
inspire	v
inspired	adj|v
inspiring	adj|n|v
instability	n
install	n|v
installation	n
installment	n
instalment	n
instance	n|v
instant	adj|adv|n|v
instantaneous	adj
instantly	adv|conj
instate	adj|v
instead	adv
instigate	v
instill	v
instinct	adj|n
instinctive	adj
instinctively	adv
institute	adj|n|v
institutes	n|v
institution	n
institutionalize	v
institutionalized	adj|v
institutions	n
instruct	adj|n|v
instruction	n
instructive	adj|n
instructor	n
instructors	n
instrument	n|v
instrumental	adj|n
instrumentalist	n
instruments	n|v
insubordinate	adj|n|v
insubstantial	adj
insufferable	adj
insufficient	adj|det
insular	adj|n
insularity	n
insulate	adj|v
insulation	n
insulator	n
insulin	n
insult	n|v
insulting	adj|n|v
insuperable	adj
insurance	n
insure	v
insurgent	adj|n
insurmountable	adj
insurrection	n
intact	adj
intake	n|v
intangibility	n
intangible	adj|n
integral	adj|n
integrate	adj|v
integrated	adj|v
integrity	n
intellect	n
intellectual	adj|n
intellectually	adv
intelligence	n
intelligent	adj|n
intelligible	adj
intend	v
intense	adj
intensify	v
intensity	n
intensive	adj|n
intent	adj|n
intention	n|v
intentional	adj|n
intentionally	adv
inter	n|v
interact	n|v
interaction	n
interactive	adj|n
intercede	v
intercept	n|v
intercessor	n
interchangeable	adj|n
interconnect	n|v
interconnected	adj|v
interconnecting	v
intercourse	n|v
interdependence	n
interdependent	adj
interdict	n|v
interdisciplinary	adj
interest	n|v
interesting	adj|v
interface	n|v
interfere	v
interference	n|v
interim	adj|n
interior	adj|n
interjection	n
interlace	n|v
interlock	n|v
interlocking	adj|n|v
interlocutor	n
interlope	v
interloper	n
interlude	n|v
intermediary	adj|n
intermediate	adj|n|v
interminable	adj|n
intermingle	v
intermission	n
intermittent	adj|n
intern	adj|n|v
internal	adj
international	adj|n
internecine	adj
internet	n|v
interpersonal	adj
interplay	n|v
interpolate	v
interpose	v
interpret	v
interpretation	n
interpreter	n
interregnum	n
interrogate	v
interrogative	adj|n
interrupt	n|v
interruption	n
intersect	v
intersected	v
intersection	n
intersperse	v
interstellar	adj
interstice	n
intertwine	v
interval	n
intervene	v
intervention	n
interview	n|v
interviewee	n
interviewer	n
interviews	n|v
interweave	v
intestate	adj|n
intestine	adj|n
intimacy	n
intimate	adj|n|v
intimidate	v
intimidation	n
into	n|prep
intonation	n
intoxicate	adj|n|v
intoxication	n
intractable	adj
intransigent	adj|n
intrepid	adj
intricacy	n
intricate	adj|v
intricately	adv
intrigue	n|v
intriguing	adj|n|v
intrinsic	adj|n
introduce	v
introduction	n
introspective	adj
intrude	v
intruder	n
intruding	n|v
intrusion	n
intrusive	adj|n
intuition	n
intuitive	adj|n
intumescence	n
inundate	v
inure	v
inured	adj|v
invade	v
invader	n
invalid	adj|n|v
invalidate	v
invaluable	adj
invariable	adj|n
invariably	adv
invasion	n
invective	adj|n
inveigh	v
inveigle	v
invent	v
invention	n
inventor	n
inventory	n|v
inverse	adj|n|v
inversely	adv
invert	adj|n|v
invertebrate	adj|n
invest	n|v
investigate	v
investigation	n
investigators	n
investiture	n
investment	n
inveterate	adj|v
invidious	adj
invigilate	v
invigorate	adj|v
invigorating	adj|v
invincible	adj|n
inviolable	adj
invisible	adj|n|v
invitation	n
invite	n|v
inviting	adj|n|v
invocation	n
invoice	n|v
invoke	v
involuntary	adj
involve	v
involved	adj|v
invulnerable	adj
inward	adj|adv|n
iodine	n|v
ion	n|phrase
ionosphere	n
iota	n
irascible	adj
irate	adj
ire	n|v
ireland	n
iridescence	n
iridescent	adj
irish	adj|n
irk	n|v
irksome	adj
iron	adj|n|v
ironclad	adj|n
ironic	adj
ironically	adv
irony	adj|n
irradiate	adj|v
irradicable	adj
irreconcilable	adj|n
irredeemable	adj|n
irreducible	adj|n
irregular	adj|n
irregularity	n
irregularly	adv
irrelevant	adj
irremediable	adj
irreparable	adj
irrepressible	adj
irreproachable	adj
irresistible	adj
irresolute	adj
irrespective	adj
irresponsible	adj|n
irreverence	n
irreverent	adj
irreversible	adj
irrevocable	adj
irrigate	v
irrigation	n
irritable	adj
irritate	v
irritating	adj|v
irritation	n
islam	n
island	n|v
isle	n
isolate	adj|n|v
isolated	adj|v
isolation	n
isotope	n|v
issue	n|v
issues	n|v
isthmus	n
it	adj|det|n|pron
italian	adj|n
italy	n
item	adv|n|v
items	n|v
iterate	adj|n|v
itinerant	adj|n
itinerary	adj|n
its	det|n|phrase|pron
itself	pron
ivory	adj|n
jabber	n|v
jack	adj|n|v
jacket	n|v
jade	adj|n|v
jaded	adj|v
jagged	adj|v
jail	n|v
jam	n|v
jamb	n|v
jamboree	n|v
janitor	n
january	n
japan	n|v
japanese	adj|n
jape	n|v
jar	n|v
jargon	n|v
jarring	adj|n|v
jaundice	n|v
jaundiced	adj|v
jaunt	n|v
jaunty	adj|n
jaw	n|v
jazz	n|v
jealous	adj|v
jealousy	n
jean	n
jeans	n
jeep	adj|n|v
jeer	n|v
jejune	adj
jelly	adj|n|v
jellyfish	n
jeopardize	v
jeopardy	n|v
jerk	n|v
jest	adv|n|v
jesting	adj|n|v
jesus	interj|n|v
jet	adj|n|v
jettison	n|v
jewel	n|v
jeweler	n
jewellery	n
jewelry	n|v
jewels	n|v
jewish	adj|n
jibe	n|v
jigsaw	n|v
jingle	n|v
jingoism	n
jitter	n|v
job	n|v
jobs	n|v
jockey	n|v
jocose	adj
jocular	adj
jocund	adj
jog	n|v
jogging	n|v
join	n|v
joint	adj|n|v
joke	n|v
jolly	adj|adv|n|v
jolt	n|v
jolting	adj|n|v
jot	n|v
journal	adj|n|v
journalism	n
journalist	n
journalistic	adj
journey	n|v
jovial	adj|n
joy	interj|n|v
joyful	adj
joyous	adj
jubilant	adj
jubilation	n
judge	n|v
judgement	n
judicial	adj|n
judicious	adj
judiciousness	n
jug	n|v
juggernaut	n
juggle	n|v
juice	adj|n|v
juicy	adj
july	n
jumble	n|v
jump	adj|adv|n|v
junction	n|v
juncture	n
june	n|v
jungle	adj|n
junior	adj|n|v
junk	n|v
jupiter	interj|n
jurisdiction	n
jurisprudence	n
jury	adj|n|v
just	adj|adv|interj|n|v
justice	n
justifiable	adj
justification	n
justify	v
justly	adv
juvenile	adj|n
juxtapose	v
juxtaposition	n|v
kaleidoscope	n|v
kaleidoscopic	adj
kangaroo	adj|n|v
keen	adj|n|v
keep	n|v
keeper	n
kelp	n|v
ken	n|v
kennel	n|v
kernel	n|v
kerosene	n
kettle	n|v
key	adj|n|v
keyboard	n|v
keys	n|phrase|v
keywords	n|v
kick	n|v
kid	n|v
kidnap	n|v
kidney	n
kids	n|v
kill	n|v
killer	adj|n
killjoy	n
kiln	n|v
kilo	n
kilogram	n
kilograms	n
kilometer	n
kilometre	n
kilowatt	n
kin	adj|n|v
kind	adj|n
kindergarten	n
kindle	adj|n|v
kindness	n
kindred	adj|n
kinetic	adj
king	n|v
kingdom	n
kinship	n
kiosk	n
kiss	n|v
kit	n|phrase|v
kitchen	n|v
kite	n|v
kits	n|v
knack	n|v
knapsack	n|v
knave	n
knead	n|v
knee	n|v
kneel	v
knell	n|v
knife	n|v
knight	n|v
knit	n|v
knob	n|v
knock	n|v
knoll	n|v
knot	n|v
knotty	adj
know	n|phrase|v
know-how	n
knowledge	n|v
knowledgeable	adj|n
kudos	interj|n|v
kymograph	n
lab	n|v
label	n|v
labile	adj
labor	n|v
laboratory	n
labored	adj|v
laborer	n
laborious	adj
laboriously	adv
labour	n|v
labourer	n
labyrinth	n|v
lace	n|v
lacerate	adj|v
laceration	n
lachrymose	adj
lack	n|v
lackadaisical	adj
lackey	n|v
lackluster	adj|n
laconic	adj
lactic	adj
lad	n
ladder	n|v
laden	adj|v
lady	n|v
lag	adj|n|v
laggard	adj|n
lagoon	n
lair	n|v
laity	n
lake	n|v
lakes	n|v
lamb	n|v
lambaste	v
lame	adj|n|v
lament	n|v
lamentable	adj
lamentation	n
laminate	adj|n|v
lamp	n|v
lampoon	n|v
lampshade	n|v
lance	n|v
lancet	n|v
land	n|v
landfill	n|v
landing	n|v
landlady	n
landlocked	adj
landlord	n|v
landmark	n|v
landmass	n
landscape	n|v
landslide	n|v
lane	n
language	interj|n|v
languid	adj|n
languish	v
languor	n|v
lank	adj|n|v
lantern	adj|n|v
lap	adj|n|v
lapidary	adj|n
lapse	n|v
laptop	adj|n|v
larder	n
large	adj|adv|n
largely	adv
largess	n
largesse	n
lark	n|v
larva	n
larvae	n
larynx	n
laser	n|v
lash	adj|n|v
lassitude	n
lasso	n|v
last	adj|adv|det|n|v
lasting	adj|n|v
latch	n|v
late	adj|adv|n
lately	adv
latency	n
latent	adj|n
later	adj|adv|interj
lateral	adj|n|v
latest	adj|adv|n
lathe	n|v
latin	adj|n
latitude	n
latter	adj
lattice	n|v
laud	n|v
laudable	adj
laugh	n|v
laughter	n
launch	n|v
laundry	n
laurel	n|v
laurels	n|v
lava	n
lavatory	adj|n
lave	adj|n|v
lavish	adj|n|v
law	interj|n|v
lawn	n|v
lawsuit	n|v
lawyer	n|v
lax	adj|n
laxative	adj|n
lay	adj|n|v
layer	n|v
layering	n|v
layman	n
layoff	n
layout	n|v
layover	n
lazy	adj|n|v
lead	adj|n|v
leader	n
leadership	n
leading	adj|n|v
leaf	n|v
leaflet	n|v
league	adj|n|v
leak	adj|n|v
leakage	n
leaky	adj
lean	adj|n|v
leap	adj|n|v
learn	n|v
learned	adj|n|v
learning	n|v
lease	n|v
leash	n|v
least	adj|adv|det|n|pron
leather	adj|n|v
leave	n|v
leaven	n|v
lectern	n
lecture	n|v
ledge	n|v
ledger	n|v
leer	adj|n|v
leery	adj
leeward	adj|adv
leeway	n
left	adj|adv|n|v
leftover	adj|n
leg	adj|n|v
legacy	adj|n
legal	adj|n
legalize	v
legend	n|v
legendary	adj|n
legerdemain	n
legible	adj
legion	adj|n|v
legislate	v
legislation	n
legislature	n
legitimate	adj|n|v
legume	n
leisure	n
leisureliness	n
leisurely	adj|adv
lemon	adj|n|v
lemonade	n
lend	n|v
lender	n
length	n|v
lengthen	v
lengthy	adj
leniency	n
lenient	adj|n
lens	n|v
leopard	n
leprosy	n
lesion	n|v
less	adj|adv|conj|det|n|prep|v
lessen	conj|v
lesson	n|v
lessons	n|v
lest	conj
let	n|v
lethal	adj|n
lethargic	adj
lethargy	n
letter	n|v
lettuce	n
levee	n|v
level	adj|n|v
levelheaded	adj
levels	n|v
lever	adv|n|v
leverage	n|v
levity	n
levy	n|v
lexical	adj
lexicographer	n
lexicon	n|v
liability	n
liable	adj
liaison	n|v
liar	n
libel	n|v
libelous	adj
liberal	adj|n
liberality	n
liberally	adv
liberate	adj|n|v
liberation	n
libertine	adj|n
liberty	n
libido	n
librarian	n
libraries	n
library	n
libretto	n
licence	n|v
license	n|v
licentious	adj
lichen	n|v
licit	adj
lick	n|v
lid	n|v
lie	n|v
lien	n|v
lieutenant	adj|n
life	interj|n|v
lifesaver	n
lifestyle	n
lifetime	n
lift	n|v
ligature	n|v
light	adj|adv|n|v
lighten	v
lighter	adj|n|v
lighthouse	n
lightly	adv
lightning	adj|n|v
lights	n|v
ligneous	adj
like	adj|adv|conj|n|phrase|prep|v
likelihood	n
likely	adj|adv|n
liken	v
likeness	n|v
likewise	adv
lily	adj|n
limb	n|v
limber	adj|n|v
limbo	n|v
lime	adj|n|v
limerick	n
limestone	n
limit	adj|n|v
limitation	n
limited	adj|n|v
limn	v
limner	n
limousine	n
limp	adj|n|phrase|v
limpid	adj
line	interj|n|v
lineage	n
lineal	adj
lineaments	n
linear	adj|n
linen	adj|n
liner	n|v
linger	n|v
lingual	adj|n
linguistic	adj
linguistics	n
lining	n|v
link	n|v
linoleum	n
lint	n|v
lion	adj|n
lionize	v
lions	n
lip	n|v
lipid	n
lipstick	n|v
liquefy	v
liquid	adj|n
liquidate	adj|v
liquor	n|v
lissome	adj
list	n|v
listen	n|v
listener	n
listless	adj
liter	n
literacy	n
literal	adj|n
literally	adv
literary	adj
literate	adj|n
literati	n
literature	n
lithe	adj|n|v
lithograph	n|v
lithosphere	n
litigant	adj|n
litigation	n
litre	n
litter	adj|n|v
little	adj|adv|det|n|pron
littoral	adj|n
live	adj|adv|v
livelihood	n
lively	adj|adv|n
liver	adj|n
livestock	n
livid	adj
living	adj|n|v
living-room	n
lizard	n
load	n|v
loaf	n|v
loam	adj|n|v
loan	n|v
loans	n|v
loath	adj|v
loathe	v
loathsome	adj
lobby	n|v
lobe	n
lobster	adj|n|v
local	adj|adv|n
locale	n
locality	n
locally	adv
locate	v
location	n
locations	n
lock	n|v
locker	n
locomote	v
locomotion	n
locomotive	adj|n
locoweed	n
locus	n
locust	n|v
locution	n
lode	n
lodge	n|v
lodging	n|v
loft	adj|n|v
lofty	adj|n
log	n|v
logic	adj|n|v
logical	adj
logistics	n
logjam	n|v
loiter	n|v
loll	v
london	n
lone	adj|v
lonely	adj
long	adj|adv|n|v
long-lasting	adj
long-range	adj
long-standing	adj
long-winded	adj
longevity	n
longing	adj|n|v
longitude	n
look	interj|n|v
loom	n|v
loon	n
loop	n|v
loophole	n|v
loose	adj|interj|n|v
loosely	adv
loosen	v
loot	n|v
lope	n|v
lopsided	adj
loquacious	adj
lord	interj|n|v
lore	n|v
lorry	n|v
lose	n|v
loss	n|v
lot	n|v
loth	adj|n
lottery	n
loud	adj|adv|n
loudly	adv
loudspeaker	n
lounge	n|v
lout	n|v
loutish	adj
love	n|v
lovely	adj|adv|n
lover	n
low	adj|adv|n|v
low-risk	adj
lowbred	adj
lower	adj|adv|n|v
loyal	adj|n
loyalty	n
lubricant	n
lubricate	v
lubrication	n
lubricious	adj
lucid	adj|n
luck	n|v
lucky	adj|n
lucrative	adj
lucre	n
lucubrate	v
ludicrous	adj
lug	n|v
luggage	n
lukewarm	adj
lull	n|v
lullaby	n|v
lumber	n|v
lumbering	adj|n
lumberjack	n|v
lumen	n
luminary	n
luminosity	n
luminous	adj
lump	n|v
lunar	adj|n
lunatic	adj|n
lunch	n|v
luncheon	n|v
lung	n
lurch	n|v
lure	n|v
lurid	adj
lurk	n|v
luscious	adj
lush	adj|n|v
lust	n|v
luster	n|v
lustrous	adj
lusty	adj
luxuriant	adj
luxurious	adj
luxury	adj|n
lynch	n|v
lyric	adj|n
lyrically	adv
lyricist	n
macabre	adj
macerate	n|v
machination	n
machine	n|v
machinery	n
machines	n|v
mackintosh	n
maculate	adj|v
maculated	adj|v
mad	adj|adv|n|v
madam	n|v
madame	n
madden	n|v
madrigal	n
maelstrom	n
maestro	n
magazine	n
magenta	adj|n
magic	adj|n|v
magical	adj
magician	n
magisterial	adj
magistrate	n
magma	n
magnanimity	n
magnanimous	adj
magnate	n
magnesium	n
magnet	n
magnetic	adj
magnetism	n
magnetize	v
magnetosphere	n
magnificence	n
magnificent	adj
magnify	v
magniloquent	adj
magnitude	n
magpie	n|v
maid	n|v
maiden	adj|n
mail	n|v
mailbox	n
mails	n|v
maim	n|v
main	adj|adv|n|v
mainland	n
mainly	adv
mainspring	n
maintain	v
maintenance	n
maize	n
majestic	adj
majesty	n|pron
major	adj|n|v
majority	n
majors	n
make	n|v
makeshift	adj|n
makeup	n|v
making	n|v
maladroit	adj|n
malady	n
malaise	n
malapropism	n
malaria	n
malaysia	n
malcontent	adj|n|v
male	adj|n
malediction	n
malefactor	n
maleficent	adj
malevolent	adj
malfeasance	n
malfunction	n|v
malice	n|v
malicious	adj
malign	adj|v
malignant	adj|n
malinger	n|v
mall	n|v
malleability	n
malleable	adj
mallet	n|v
malnutrition	n
malodor	n
malpractice	n
maltreat	v
mammal	n
mammalian	adj|n
mammoth	adj|n
man	interj|n|pron|v
manacle	n|v
manage	n|v
management	n
manager	n
managerial	adj
mandate	n|v
mandatory	adj|n
maneuver	n|v
manful	adj
mangle	n|v
mangy	adj
mania	n
maniac	n
manifest	adj|n|v
manifestation	n
manifesto	n|v
manifold	adj|adv|n|v
manipulate	v
manipulative	adj|n
mankind	n
manly	adj|adv|n
manner	n|v
mannered	adj
mannerism	n
manoeuvre	n|v
mansion	n
mantle	n|v
manual	adj|n
manually	adv
manufacture	n|v
manufacturer	n
manumit	v
manure	n|v
manuscript	adj|n
many	adj|det|n|pron
map	n|v
maple	n
mar	adj|n|v
marathon	n|v
maraud	v
marble	adj|n|v
march	n|v
mare	n
margarine	n|v
margin	n|v
marginal	adj|n
marine	adj|n|v
mariner	n
marionette	n|v
marital	adj
maritime	adj
mark	n|v
marked	adj|v
markedly	adv
market	n|v
marketing	n|v
marks	n|v
maroon	adj|n|v
marred	adj|v
marriage	n
married	adj|n|v
marrow	n
marry	interj|v
mars	n|v
marsh	n
marshal	n|v
marshy	adj
marsupial	adj|n
martial	adj|n
martinet	n
martyr	n|v
marvel	n|v
marvellous	adj
marvelous	adj
marxism	n
marxist	adj|n
masculine	adj|n
masculinity	n
mash	n|v
mask	n|v
mason	n|v
masonry	n
masquerade	n|v
mass	adj|n|v
massacre	n|v
massive	adj|n
mast	n|v
master	adj|n|v
masterpiece	n
mastery	n
masticate	v
mat	adj|n|v
matador	n
match	n|v
matching	adj|n|v
matchless	adj
matchstick	n
mate	n|v
material	adj|n|v
materialism	n
materialize	v
materials	n|v
maternal	adj|n
maternity	n
math	n|v
mathematic	adj
mathematical	adj
mathematics	n
maths	n|v
matriarchy	n
matriculate	adj|n|v
matrimony	n
matrix	n
matter	n|v
mattress	n|v
maturation	n
mature	adj|v
maturity	n
maudlin	adj|n
maul	n|v
mauve	adj|n
maven	n
maverick	adj|n|v
mawkish	adj
maxim	n
maximize	v
maximum	adj|n
may	n|v
maybe	adj|adv|n
mayhem	n|v
mayor	n
maze	n|v
me	det|n|pron
meadow	n|v
meager	adj|v
meagre	adj|n|v
meal	n|v
meals	n
mean	adj|n|v
meander	n|v
meaning	adj|n|v
meaningful	adj
means	n|v
meantime	adv|n
meanwhile	adv|n
measly	adj
measurable	adj|n
measure	n|v
measured	adj|v
measurement	n
measurements	n
measures	n|v
meat	n
mechanic	adj|n
mechanical	adj|n
mechanically	adv
mechanics	n
mechanism	n
mechanized	adj|v
medal	n|v
meddle	v
meddlesome	adj
media	adj|n
mediate	adj|v
mediator	n
medical	adj|n
medicate	v
medicine	n|v
medieval	adj|n
mediocre	adj|n
mediocrity	n
meditate	adj|v
meditation	n
meditative	adj
mediterranean	adj|n
medium	adj|adv|n
medley	n|v
meek	adj|n|v
meet	adj|n|v
meeting	n|v
megalomania	n
melancholy	adj|n
melbourne	n
meld	n|v
mellifluous	adj
melodic	adj
melodious	adj
melodrama	n
melody	n
melon	adj|n
melt	n|v
member	n|v
membership	n|v
membrane	n
memento	n
memo	n|v
memoir	n
memorable	adj|n
memorandum	n
memorial	adj|n
memorise	v
memorize	v
memory	n
menace	n|v
mend	n|v
mendacious	adj
mendacity	n
mendicant	adj|n
menial	adj|n
mental	adj|n
mentality	n
mentally	adv
menthol	n
mention	n|v
mentor	n|v
menu	n|v
mercantile	adj
mercenary	adj|n
merchandise	n|v
merchant	n|v
merciful	adj
merciless	adj
mercurial	adj|n
mercury	n|v
mercy	interj|n|v
mere	adj|n|v
merely	adv
meretricious	adj
merge	n|v
merger	n
meridian	adj|n|v
merit	n|v
merited	adj|v
meritorious	adj
mermaid	n
merry	adj|n
mesa	n
mesh	n|v
mesmerism	n
mesmerize	v
mesozoic	adj|n
mess	n|v
message	n|v
messenger	n|v
messy	adj
metabolic	adj|n
metabolism	n
metal	adj|n|v
metallic	adj|n
metallurgy	n
metamorphose	v
metaphor	n|v
metaphysical	adj
metaphysics	n
mete	adj|n|v
meteor	n|v
meteoric	adj
meteorite	n
meteorologist	n
meteorology	n
methane	n
method	n|v
methodical	adj
methodically	adv
methodology	n
methods	n|v
meticulous	adj
meticulously	adv
metre	n|v
metric	adj|n|v
metrical	adj
metropolis	n
metropolitan	adj|n
mettle	adj|n
mettlesome	adj
mexican	adj|n
mexico	n
miasma	n
microbe	n
microbiology	n
microcomputer	n
microcosm	n
microfilm	n|v
microorganism	n
microphone	n|v
microprocessor	n
microscope	n|v
microscopic	adj
microwave	n|v
mid	adj|adv|n|prep
midair	adj|n
midday	n
middle	adj|n|v
midget	n
midmorning	n
midnight	adj|n
midst	n|prep
mien	n
miff	n|v
might	adj|n|v
mighty	adj|adv|n
migrant	adj|n
migrate	v
migration	n
migratory	adj|n
mild	adj|n
mildew	n|v
mile	n
mileage	n
miles	adv|n
milestone	n|v
milieu	n
militant	adj|n
military	adj|n
militia	n
milk	n|v
milky	adj
mill	n|v
millennia	n
millennium	n
millimeter	n
millimetre	n
million	num
millionaire	n
mills	n|v
mime	n|v
mimetic	adj|n
mimic	adj|n|v
mimicry	n
minaret	n
minatory	adj
mince	n|v
mincing	adj|n|v
mind	n|v
mine	det|n|pron|v
miner	n
mineral	adj|n
mingle	n|v
mingling	n|v
miniature	adj|n|v
minibus	n
minimal	adj|n
minimalist	adj|n
minimize	v
minimum	adj|n
mining	n|v
minion	adj|n
miniskirt	n
minister	n|v
ministry	n
minnow	adj|n|v
minor	adj|n|v
minority	adj|n
mint	adj|n|v
minuet	n|v
minus	adj|n|prep|v
minuscule	adj|n
minute	adj|n|v
minutely	adj|adv
minutes	n|v
minutia	n
miracle	n|v
miraculous	adj
mirage	n|v
mire	n|v
mirror	n|v
mirth	n
misanthrope	n
miscarriage	n
miscellany	n
mischance	n|v
mischief	n|v
mischievous	adj
misconceive	v
misconception	n
miscreant	adj|n
misdeed	n
miser	n
miserable	adj|n
miserly	adj
misery	n
misfortune	n
misgiving	n
mishap	n|v
misinform	v
mislead	n|v
misleading	adj|n|v
misnomer	n|v
misogamy	n
misperceive	v
misrepresent	v
misrepresentation	n
miss	n|v
misshapen	adj|v
missile	n
missing	adj|n|v
mission	n|v
missionary	adj|n
missive	adj|n
mist	n|v
mistake	n|v
mistaken	adj|v
mister	n|v
mistimed	adj|v
mistral	n
mistress	n|v
mistrust	n|v
misunderstand	v
misuse	n|v
mite	n|v
mitigate	adj|v
mitten	n|v
mix	n|v
mixer	n
mixture	n
mm	interj|n
mnemonics	n
moan	adj|n|v
moat	n|v
mob	adj|interj|n|v
mobile	adj|n
mobility	n
mobilize	v
mock	adj|n|v
mockingbird	n
mode	n
model	adj|n|v
modem	n|v
moderate	adj|n|v
moderately	adv
modern	adj|n
modernization	n
modest	adj
modesty	n
modicum	n
modification	n
modify	v
modish	adj
modulate	v
module	n
mogul	n|v
moiety	n
moist	adj|n|v
moisten	v
moisture	n
molar	adj|n
mold	n|v
molding	n|v
moldy	adj
molecular	adj|n
molecule	n
molest	v
mollify	v
mollycoddle	n|v
molt	n|v
molten	adj|v
mom	adj|n|v
moment	n
momentary	adj
momentous	adj
momentum	n
monarch	n
monarchy	n
monastery	n
monday	adv|n
monetary	adj
money	adj|n
mongrel	adj|n
monitor	n|v
monk	n|v
monkey	n|v
monochromatic	adj
monochrome	adj|n
monocle	n
monogamy	n
monograph	n|v
monolithic	adj
monologue	n|v
monomania	n
monopolize	v
monopoly	n
monotone	adj|n|v
monotonous	adj
monotony	n
monsoon	n
monster	adj|n|v
monstrous	adj
montage	n|v
month	n
monthly	adj|adv|n
monument	n|v
monumental	adj
mood	interj|n
moody	adj|n
moon	n|v
moor	n|v
mop	n|v
mope	n|v
moral	adj|n|v
morale	n
moralistic	adj
morality	n
morass	n
moratorium	n
morbid	adj
mordant	adj|n|v
more	adj|adv|det|n|pron|v
moreover	adv
mores	n|v
moribund	adj|n
morning	interj|n
moron	n
morose	adj
morphology	n
morsel	n|v
mortal	adj|adv|n
mortality	n
mortar	n|v
mortgage	n|v
mortification	n
mortify	v
mortuary	adj|n
mosaic	adj|n|v
moscow	n
moslem	adj|n
mosque	n
mosquito	n|v
moss	n|v
most	adj|adv|det|n|pron
mostly	adv
mote	n|v
motel	n|v
moth	n|v
mother	n|v
motherland	n
motif	n
motile	adj|n
motility	n
motion	n|v
motionless	adj
motivate	v
motivation	n
motive	adj|n|v
motley	adj|n|v
motor	adj|n|v
motorbike	n|v
motorcycle	n|v
motorway	n
mottle	n|v
mottled	adj|v
motto	n|v
mould	n|v
mount	n|v
mountain	n
mountainous	adj
mountebank	n|v
mourn	n|v
mournful	adj
mourning	n|v
mouse	n|v
moustache	n
mouth	n|v
mouthful	adj|n
move	n|v
movement	n
movie	n
movies	n
mr.	n
ms.	n
much	adj|adv|det|n|pron
mucous	adj
mud	n|v
muddle	n|v
muddy	adj|n|v
muffle	n|v
muffled	adj|v
muffler	n
mug	adj|n|v
muggy	adj
mulberry	adj|n
mulct	n|v
mulish	adj
multicellular	adj|n
multifaceted	adj
multifarious	adj
multilateral	adj|n
multiple	adj|det|n
multiplication	n
multiplicity	n
multiply	adj|adv|n|v
multistory	adj|n
multitude	n
mumble	n|v
mundane	adj|n
municipal	adj|n
municipality	n
munificence	n
munificent	adj
muniments	n
munition	n|v
mural	adj|n|v
murder	n|v
murderer	n
murky	adj
murmur	n|v
muscle	n|v
muscles	n|v
muscular	adj
muse	n|v
museum	n|v
mushroom	adj|n|v
music	adj|n|v
musical	adj|n
musician	n
musicologist	n
musket	n
must	n|v
mustard	adj|n
muster	n|v
musty	adj|n|v
mutate	v
mutation	n
mute	adj|n|v
muted	adj|v
mutilate	adj|n|v
mutineer	n|v
mutinous	adj
mutter	n|v
mutton	adj|n
mutual	adj|n
muzzy	adj|n
my	det|interj|n|pron
myopia	n
myopic	adj|n
myriad	adj|n
myself	pron
mysterious	adj
mystery	n
mystic	adj|n
myth	n
mythical	adj
mythology	n
nadir	n|v
nag	n|v
nail	n|v
naive	adj|n
naivety	n
naked	adj|v
name	n|v
namely	adj|adv
nap	n|v
napkin	n
narcissism	n
narcissist	n
narcotic	adj|n
narrate	v
narration	n
narrative	adj|n
narrator	n
narrow	adj|n|v
nasal	adj|n
nascent	adj
nasty	adj|n
natal	adj|n
natation	n
nation	adj|adv|n
national	adj|n
nationalities	n
nationality	n
nationwide	adj|adv
native	adj|n
natty	adj|n
natural	adj|adv|n
naturalist	adj|n
naturalistic	adj
naturally	adv
nature	n|v
naught	n|num|pron
naughty	adj|v
nausea	n
nauseate	v
nautical	adj
naval	adj|n
nave	n
navigable	adj
navigate	v
navigation	n
navy	adj|n
naysay	n|v
naysayer	n
near	adj|adv|n|prep|v
nearby	adj|adv|n
nearly	adv
neat	adj|interj|n
nebula	n
nebulous	adj
necessarily	adv
necessary	adj|n
necessitate	v
necessitous	adj
necessity	n
neck	n|v
necklace	n|v
necktie	n
necropolis	n
nectar	n|v
need	n|v
needle	n|v
needless	adj|adv
needlework	n
needy	adj
nefarious	adj
negate	v
negation	n
negative	adj|interj|n|v
neglect	n|v
negligence	n
negligent	adj
negligible	adj
negotiable	adj|n
negotiate	v
negotiation	n
negro	adj|n
neighbor	n|v
neighborhood	n
neighboring	adj|v
neighbour	n|v
neighbourhood	n
neighbouring	adj|v
neither	adv|conj|det|pron
nemesis	n
neoclassical	adj|n
neolithic	adj|n
neologism	n
neon	adj|n
neonate	n
neophyte	n
nephew	n
nephritis	n
nepotism	n
nerve	n|v
nervous	adj
nest	n|v
nestle	n|v
nestling	n|v
net	adj|adv|interj|n|prep|v
nethermost	adj
nets	n|v
nettle	n|v
network	n|v
neurology	n
neuron	n
neurosis	n
neurotic	adj|n
neurotransmitter	n
neutral	adj|n
neutralize	v
neutron	n
never	adv|interj|v
nevertheless	adv
new	adj|adv|n|v
newly	adv
news	n|v
newscast	n|v
newspaper	n|v
newspapers	n|v
newsstand	n
next	adj|adv|det|n|prep
nexus	n
nib	adj|n|v
nibble	n|v
nice	adj|adv|interj|n|v
nicety	adj|n
niche	adj|n|v
nick	n|v
nickel	adj|n|v
nickname	n|v
nicotine	n
niece	n
niggard	adj|n|v
niggling	adj|n|v
night	interj|n|v
nightmare	n|v
nihilism	n
nil	det|n
nimble	adj|v
nine	n|num
nineteen	num
ninety	num
ninth	adj|n|v
nip	adj|n|v
nippers	n
nipping	adj|n|v
nitpick	v
nitrogen	n
no	adj|adv|det|interj|n|phrase|prep|v
no.	adv|n
nobility	n
noble	adj|n
nobody	n|pron
nocturnal	adj|n
nod	n|v
noise	n|v
noisily	adv
noisome	adj
noisy	adj
nomad	adj|n
nomadic	adj
nominal	adj|n
nominate	adj|n|v
nominee	n
non-drinker	n
nonchalance	n
nonchalant	adj
noncommittal	adj|n
nonconformist	adj|n
nonconformity	n
none	adv|det|n|pron
nonentity	n
nonesuch	adj|n
nonetheless	adv
nonfiction	n
nonflammable	adj|n
nonhuman	adj|n
nonpareil	adj|n
nonplus	n|v
nonporous	adj
nonprofessional	adj|n
nonradioactive	adj
nonsense	adj|interj|n|v
nonsensical	adj
nontraditional	adj
nonverbal	adj|n
nonviable	adj
nonviolence	n
noodle	n|v
nook	n|v
noon	n|v
noose	n|v
nor	conj|n
norm	n|v
normal	adj|n
normalization	n
normally	adv
north	adj|adv|n|v
northeast	adj|adv|n
northern	adj|n
northward	adj|adv|n
northwards	adv
northwest	adj|adv|n
nose	n|v
nostalgia	n
nostrum	n
not	adv|conj|interj|n
notability	n
notable	adj|n
notably	adv
notary	n
notate	adj|v
notation	n
notch	n|v
note	n|v
notebook	n
noted	adj|v
notes	n|v
noteworthy	adj|n
nothing	adj|adv|interj|n|pron
notice	n|v
noticeable	adj
notification	n
notify	v
notion	n
notorious	adj|adv
notoriously	adv
notwithstanding	adv|conj|prep
nought	adj|adv|n|pron|v
noun	n|v
nourish	n|v
nourishing	adj|v
nourishment	n
nova	n
novel	adj|n
novelist	n
novelty	adj|n
november	n
novice	adj|n
now	adj|adv|conj|interj|n|v
nowadays	adv
nowhere	adj|adv|n
noxious	adj
nuance	n|v
nubile	adj|n
nuclear	adj|n
nucleate	adj|n|v
nuclei	n
nucleus	n
nude	adj|n
nudge	n|v
nugatory	adj
nuisance	n
null	adj|n|v
nullify	v
numb	adj|v
number	adj|n|v
numerical	adj
numerology	n
numerous	adj|det
numinous	adj
numismatic	adj
numismatist	n
nun	n|pron
nuptial	adj
nurse	n|v
nursery	n
nursing	adj|n|v
nurture	n|v
nut	interj|n|v
nutrient	adj|n
nutriment	n
nutrition	n
nutritional	adj
nutritious	adj
nuts	adj|interj|n|v
nylon	n
nymph	n|v
oafishness	n
oak	adj|n|v
oar	n|v
oasis	n
oath	n|v
oatmeal	adj|n
obdurate	adj|v
obedience	n
obedient	adj|n
obeisance	n
obelisk	n|v
obese	adj|n
obey	v
obfuscate	adj|v
obituary	adj|n
object	n|v
objection	interj|n
objective	adj|n
objectives	n
oblation	n
obligated	adj|v
obligation	n
obligatory	adj
oblige	v
obliging	adj|n|v
oblique	adj|n|v
obliterate	adj|v
oblivion	n|v
oblivious	adj
oblong	adj|n|v
obloquy	n
obnoxious	adj
obscene	adj|v
obscure	adj|v
obscurity	n
obsequious	adj
observance	n
observation	n
observatory	n
observe	n|v
observer	n
obsess	v
obsessed	adj|v
obsession	n
obsolescent	adj
obsolete	adj|n|v
obstacle	n
obstinacy	n
obstinate	adj
obstreperous	adj
obstruct	v
obstruction	n
obtain	v
obtainable	adj
obtrude	v
obtuse	adj|v
obverse	adj|n
obviate	adj|n|v
obvious	adj
obviously	adv
occasion	n|v
occasional	adj|n
occasionally	adv
occidental	adj|n
occlude	v
occult	adj|n|v
occupant	n
occupants	n
occupation	n
occupational	adj
occupy	n|v
occur	v
occurrence	n
ocean	n
oceania	n
october	n|v
octogenarian	adj|n
octopus	n|v
ocular	adj|n
odd	adj|n
oddly	adv
oddments	n
odds	n
ode	n
odious	adj
odium	n
odometer	n
odor	n
odoriferous	adj
odorless	adj
odour	n
odyssey	n
of	n|prep|v
off	adj|adv|n|prep|v
off-key	adj|adv
offbeat	adj|n
offence	n
offend	v
offensive	adj|n
offer	n|v
offhand	adj|adv
office	n|v
officer	n|v
official	adj|n
officious	adj
offish	adj
offset	adj|adv|n|v
offshore	adj|adv|n|v
offspring	n
offstage	adj|adv|v
often	adj|adv
ogle	n|v
oh	interj|n|v
ohm	n
ohp	n
oil	n|v
oilfield	n
ointment	n
ok	adj|adv|interj|n|v
okay	adj|adv|interj|n|v
old	adj|n
olfaction	n
olfactory	adj|n
oligarch	n
oligarchy	n
olive	adj|n
olympic	adj|n
omelet	n
omelette	n|v
omen	n|v
ominous	adj
omit	v
omnipotent	adj|n
omnipresent	adj
omniscient	adj|n
omnivorous	adj
on	adj|adv|n|prep|v
once	adv|conj|n
one	adj|det|n|num|phrase|pron|v
onerous	adj
oneself	pron
ongoing	adj|n|v
onion	n
online	adj|adv|v
onlooker	n
only	adj|adv|conj|n|phrase
onset	n|v
onslaught	n
onto	adj|prep
onus	n
onward	adj|adv|v
onwards	adv|v
ooze	n|v
opacity	n
opalescence	n
opaque	adj|n|v
open	adj|n|v
open-book	adj
opener	adj|n
opening	adj|n|v
opera	n
operate	v
operation	n
operational	adj
operative	adj|n
operator	n
operetta	n
opiate	adj|n|v
opine	n|v
opinion	n|v
opinionated	adj|v
opium	n
opponent	adj|n
opportune	adj
opportunities	n
opportunity	n
oppose	v
opposed	adj|v
opposing	adj|v
opposite	adj|adv|n|prep
opposition	n
oppress	n|v
opprobrious	adj
opt	n|v
optic	adj|n
optical	adj|n
optics	n
optimal	adj|n
optimism	n
optimist	n
optimistic	adj
optimization	n
optimize	v
optimum	adj|n
option	n|v
optional	adj|n
options	n|v
optometrist	n
opulence	n
opulent	adj
opus	n
or	adj|adv|conj|n|prep
oracle	n|v
oracular	adj
oral	adj|n
orange	adj|n|v
oration	n|v
orator	n
oratorio	n
oratory	n
orbit	n|v
orbital	adj|n
orchard	n
orchestra	n
orchid	adj|n
ordain	v
ordeal	n
order	n|v
orderly	adj|adv|n
ordinance	n
ordinarily	adv
ordinary	adj|n
ordnance	n
ore	n|prep
organ	n|v
organic	adj|n
organically	adv
organise	v
organiser	n
organism	n
organization	n
organize	v
organizer	n
orient	adj|n|v
oriental	adj|n
orientation	n
orifice	n
origin	n
original	adj|n
originality	n
originally	adv
originate	adj|v
ornament	n|v
ornamental	adj|n
ornamentation	n
ornate	adj|v
ornithologist	n
ornithology	n
orotund	adj|n
orphan	adj|n|v
orthodontics	n
orthodox	adj|n
oscillate	v
osmosis	n
osprey	n
osseous	adj
ossify	v
ostensible	adj
ostentation	n
ostracism	n
ostracize	v
ostrich	n
other	adj|adv|det|n|v
other-directed	
otherwise	adj|adv
otiose	adj
ottawa	n
otter	n
ouch	interj|n|v
ought	adv|n|pron|v
ounce	n
our	det|v
ours	pron
ourselves	pron
oust	v
out	adj|adv|interj|n|prep|v
outbreak	n|v
outcast	adj|n|v
outcome	n
outcry	n|v
outdated	adj|v
outdo	v
outdoor	adj|v
outdoors	adv|n|v
outer	adj|n
outermost	adj|n
outfit	n|v
outfox	v
outgoing	adj|n|v
outgrow	v
outgrowth	n
outing	n|v
outlandish	adj|n
outlast	v
outlaw	n|v
outlet	n
outline	n|v
outlook	n|v
outlying	adj|n
outmaneuver	v
outmoded	adj|v
output	n|v
outrage	n|v
outrageous	adj
outright	adj|adv|v
outset	n|v
outshine	v
outside	adj|adv|n|prep|v
outskirt	n|v
outskirts	n|v
outspoken	adj|v
outstanding	adj|v
outstrip	v
outward	adj|adv|n|v
outwards	adv
outweigh	v
outwit	v
oval	adj|n
ovation	n|v
oven	n|v
over	adj|adv|interj|n|prep|v
overall	adj|adv|n
overbalance	n|v
overbearing	adj|v
overburden	n|v
overcast	adj|n|v
overcharge	n|v
overcoat	n|v
overcome	adj|n|v
overconfident	adj
overdose	n|v
overdue	adj|n
overestimate	n|v
overexposure	n
overflow	n|v
overhang	n|v
overhaul	n|v
overhead	adj|adv|n|prep
overhear	v
overlap	n|v
overlapping	adj|n|v
overload	n|v
overlook	n|v
overnight	adj|adv|n|v
overpass	n|v
overpowering	adj|n|v
overreach	n|v
override	n|v
overriding	adj|n|v
overrule	v
overrun	n|v
overseas	adj|adv
oversecretion	n
oversee	v
overshadow	v
oversight	n|v
overstate	v
overt	adj|n
overtake	n|v
overtax	v
overtaxed	v
overthrow	n|v
overtime	adv|n|v
overtire	v
overture	adj|n|v
overturn	n|v
overweening	adj|n|v
overweight	adj|n|v
overwhelm	n|v
overwhelming	adj|n|v
overwhelmingly	adv
overwrought	adj|v
owe	v
owing	adj|v
owl	n|v
own	adj|n|v
owner	n
ownership	n
ox	n
oxen	adj|n
oxford	n
oxide	n
oxidize	v
oxygen	n
oyster	adj|n|v
ozone	n|v
p.m.	adv|n
pace	adj|n|prep|v
pacific	adj|n
pacifist	adj|n
pacify	v
pack	n|v
package	n|v
packaging	n|v
packed	adj|v
packer	n
packet	n|v
pact	n|v
pad	interj|n|v
padding	n|v
paddle	n|v
paddler	n
paean	n|v
pagan	adj|n
page	n|v
pageant	n|v
pages	n|v
pail	n
pain	n|v
painful	adj
painkiller	n
painstaking	adj|n
paint	n|v
painter	n
painting	n|v
pair	n|v
pal	n|v
palace	n|v
palatable	adj
palate	n|v
palatial	adj
palaver	n|v
pale	adj|n|v
paleolithic	adj|n
paleontologist	n
paleontology	n
palette	n
palings	n
pall	n|v
palliate	adj|v
palliative	adj|n
pallid	adj
palm	n|v
palmy	adj
palpable	adj
palpitate	v
palter	v
paltry	adj
pamper	n|v
pamphlet	n|v
pan	adj|n|v
panacea	n
panache	n
pancake	n|v
pancreas	n
panda	n
pandemic	adj|n
pandemonium	n
pander	n|v
pane	n|v
panegyric	adj|n
panel	n|v
pang	n|v
panic	adj|n|v
panorama	n
panoramic	adj|n
pant	n|v
pantechnicon	n
pantheon	n
panther	n
pantomime	n|v
pantry	n
pants	adj|n|v
paper	adj|n|v
paperback	adj|n|v
papers	n|v
paperwork	n
papyrus	n
parable	adj|n|v
parabola	n
parachute	n|v
parade	n|v
paradigm	n
paradise	n|v
paradox	n
paradoxical	adj
paradoxically	adv
paragon	n|v
paragraph	n|v
parallel	adj|adv|n|v
parallelism	n
paralyse	v
paralysis	n
paralyze	v
parameter	n
paramount	adj|n
paranoia	n
paranoid	adj|n
paraphernalia	n
paraphrase	n|v
parapsychology	n
parasite	n|v
parasitic	adj|n
parcel	adv|n|v
parch	n|v
pardon	interj|n|v
pare	n|v
parent	n|v
parental	adj|n
parents	n|v
pariah	n
paris	n
parity	n
park	n|v
parka	n
parking	n|v
parlance	n
parley	n|v
parliament	n
parliamentary	adj|n
parlor	n
parlous	adj|adv
parochial	adj|n
parody	n|v
paroxysm	n
parquet	n|v
parrot	n|v
parry	n|v
parse	n|v
parsimony	n
part	adj|adv|n|v
part-time	adj
partial	adj|n|v
partiality	n
partially	adv
participant	adj|n
participants	n
participate	adj|v
particle	n
particular	adj|n
particularize	v
particularly	adv
particulate	adj|n|v
parties	n|v
partisan	adj|n
partition	n|v
partly	adv
partner	n|v
parturition	n
party	adj|adv|n|v
pass	n|v
passage	adj|n|v
passenger	n|v
passengers	n
passerby	n
passion	n|v
passionate	adj|v
passive	adj|n
passport	n|v
past	adj|adv|n|prep|v
paste	n|v
pastel	n
pasteurize	v
pastiche	n|v
pastime	n|v
pastor	n|v
pastoral	adj|n
pastry	n
pasture	n|v
pat	adj|adv|n|v
patch	n|v
patent	adj|n|v
paternal	adj|n
paternity	n
path	n|v
pathetic	adj
pathogen	n
pathological	adj
pathology	n
pathos	n
pathway	n
patience	n
patient	adj|n
patients	n
patina	adj|n
patriarch	n
patriarchal	adj
patrician	adj|n
patricide	n
patrimony	n
patriot	n
patriotic	adj|n
patriotism	n
patrol	n|v
patroller	n
patron	n|v
patronage	n|v
patronize	v
patronizing	adj|v
pattern	adj|n|v
patterns	n|v
paucity	n
paunchy	adj
pauper	n|v
pause	interj|n|v
pave	v
pavement	n
paw	n|v
pawn	n|v
pay	adj|n|v
payable	adj|n
paycheck	n
payment	n
payoff	n
pea	n
peace	interj|n|v
peaceful	adj|n
peach	adj|n|v
peacock	n|v
peak	adj|n|v
peaky	adj
peanut	n|v
pear	n
pearl	n|v
peasant	adj|n
peasants	n
pebble	n|v
pecan	n
peccadillo	n
peck	n|v
peculate	v
peculiar	adj|n
peculiarity	n
pecuniary	adj
pedagogic	adj
pedagogical	adj
pedagogue	n|v
pedagogy	n
pedal	adj|n|v
pedant	adj|n|v
peddle	n|v
pedestal	n|v
pedestrian	adj|n
pediatrics	n
pedlar	n
peek	n|v
peel	n|v
peep	n|v
peer	n|v
peerless	adj
peery	adj|n
peeve	n|v
peevish	adj|adv
pejorative	adj|n
pelf	n
pell-mell	adj|adv|n
pellucid	adj|n
pelt	n|v
pen	n|v
penal	adj
penalize	v
penalty	n
penance	n|v
pence	n
penchant	n
pencil	n|v
pendant	n
pendent	adj|n
pending	adj|prep|v
pendulum	n
penetrate	v
penetrating	adj|v
penetration	n
penicillin	n
peninsula	n
penitent	adj|n
pennant	n
pennies	n|v
penny	n|v
pension	n|v
pensive	adj
penultimate	adj|n
penumbra	n
penury	n
people	n|v
pepper	n|v
peptic	adj|n
per	det|n|prep|pron
per capita	adj|adv
perambulate	v
perceive	v
percent	adv|n
percentage	n
perceptible	adj|n
perception	n
perceptive	adj|n
perceptual	adj
perch	n|v
percolate	n|v
percussion	n
percussionist	n
peregrination	n
peremptory	adj|n
perennial	adj|n
perennially	adv
perfect	adj|n|v
perfection	n|v
perfectly	adv
perfervid	adj
perfidious	adj
perfidy	n
perforate	adj|v
perform	v
performance	n
performer	n
perfume	n|v
perfunctorily	adv
perfunctory	adj
perhaps	adv|n
perigee	n
peril	n|v
perilous	adj
perimeter	n
period	adj|interj|n|v
periodic	adj
periodical	adj|n
periodically	adv
peripatetic	adj|n
peripheral	adj|n
periphery	n
periphrastic	adj
periscope	n|v
perish	v
perishable	adj|n
perishing	adj|n|v
perjure	n|v
perjury	n
perks	n|v
perky	adj|n
permanence	n
permanent	adj|n|v
permanently	adv
permeable	adj
permeate	n|v
permissible	adj|n
permission	n|v
permissive	adj|n
permit	n|v
pernicious	adj
perpendicular	adj|n
perpetual	adj|n
perpetuate	adj|v
perplex	adj|n|v
perplexing	adj|v
perplexity	n
perquisite	n
persecute	v
perseverance	n
persevere	v
persiflage	n
persist	v
persistence	n
persistent	adj
persnickety	adj
person	n|v
personable	adj
personage	n
personal	adj|n
personality	n
personally	adv
personification	n
personnel	n
perspective	adj|n
perspicacious	adj
perspicuity	n
perspicuous	adj
perspiration	n
perspire	v
persuade	v
persuasion	n
persuasive	adj|n
pertain	v
pertinacious	adj
pertinent	adj|n
perturb	v
peruse	n|v
pervade	v
pervasive	adj
perverse	adj|n|v
pervert	n|v
pervious	adj
pesky	adj
pessimism	n
pessimistic	adj
pest	n
pester	n|v
pesticide	n
pestilence	n
pestilent	adj
pestilential	adj
pestle	n|v
pet	adj|n|v
petal	n|v
petition	n|v
petitioner	n
petrifaction	n
petrify	v
petroglyph	n
petrol	n|v
petroleum	n
petrology	n
pets	n|v
pettish	adj
petty	adj|n
petulance	n
petulant	adj
phantom	adj|n
pharisaic	adj
pharmaceutical	adj|n
pharmacology	n
pharmacy	n
phase	n|v
phd	n
phenomena	n
phenomenal	adj
phenomenally	adv
phenomenon	n
phial	n|v
philanthropic	adj
philanthropy	n
philatelist	n
philately	n
philharmonic	adj|n
philistine	adj|n
philology	n
philosopher	n
philosophy	n|v
phlegmatic	adj|n
phobia	n
phoenix	n|v
phone	n|v
phone-in	n
phonetic	adj|n
phonetics	n
phony	adj|n|v
photo	n|v
photocopies	n|v
photocopy	n|v
photoelectric	adj
photograph	n|v
photographer	n
photographic	adj
photographs	n|v
photography	n
photojournalism	n
photos	n|v
photosensitive	adj
photosphere	n
photosynthesis	n
phrase	n|v
physical	adj|n
physically	adv
physician	n
physicist	n
physics	n|v
physiological	adj
physiology	n
physique	n
pianist	n
piano	adj|adv|n|v
piazza	n
pick	n|v
pickle	n|v
pickup	n|v
picnic	n|phrase|v
pictorial	adj|n
picture	n|v
pictures	n|v
picturesque	adj
piddling	adj|v
pie	adj|n|v
piebald	adj|n
piece	n|v
piecemeal	adj|adv|n|v
pied	adj|n|v
pier	n
pierce	n|v
piercing	adj|n|v
piety	n
pig	n|v
pigeon	n|v
pigment	n|v
pile	n|v
pilfer	v
pilferage	n
pilgrim	n|v
pill	n|v
pillage	n|v
pillar	n|v
pillory	n|v
pillow	n|v
pills	n|v
pilot	adj|n|v
pimple	n|v
pin	n|v
pincers	n
pinch	n|v
pine	n|v
pineapple	interj|n
pinhead	n
pinion	n|v
pink	adj|n|v
pinnacle	n|v
pinpoint	adj|n|v
pint	n
pioneer	n|v
pioneering	adj|n|v
pious	adj
pipe	n|v
pipeline	n|v
piquant	adj
pique	n|v
piracy	n
pirate	adj|n|v
pirouette	n|v
piscatorial	adj
pistol	n|v
piston	n|v
pit	n|v
pitch	adj|n|v
pitcher	n
pitfall	n
pith	adj|n|v
pithiness	n
pithy	adj
pitiful	adj|adv
pitiless	adj
pittance	n
pity	interj|n|v
pivot	n|v
pivotal	adj
placard	n|v
placate	adj|v
place	n|v
placebo	n
placement	n
places	n|v
placid	adj|n
plagiarism	n
plagiarize	v
plague	n|v
plain	adj|adv|n|v
plainly	adv
plainspoken	adj
plaintiff	n
plaintive	adj
plait	n|v
plan	n|v
plane	adj|n|v
planet	n
planetarium	n
planetary	adj|n
plangent	adj
plank	n|v
plankton	n
planner	n
planners	n
planning	n|v
plant	n|v
plantation	n
planting	n|v
plants	n|v
plaque	n
plash	interj|n|v
plasma	n|v
plaster	n|v
plastic	adj|n
plate	n|v
plateau	n|v
platelike	adj
platform	n|v
platitude	n
platitudinous	adj
platonic	adj|n
plaudit	n|v
plausible	adj
play	n|v
player	n
playground	n
playmate	n
playroom	n
playwright	n
plaza	n
plea	n|v
plead	v
pleasant	adj|n
please	adv|interj|v
pleased	adj|v
pleasing	adj|n|v
pleasure	interj|n|v
pleat	n|v
plebeian	adj|n
pledge	n|v
plenary	adj|n
plenitude	n
plentiful	adj
plentitude	n
plenty	adj|adv|det|n|pron
pleonastic	adj
plethora	n
pliable	adj
pliant	adj
pliers	n
plight	n|v
plinth	n
plod	n|v
plot	n|v
plough	n|v
plow	n|v
ploy	n|v
pluck	n|v
plug	n|v
plumage	n
plumb	adj|adv|n|v
plumber	n|v
plumbing	n
plume	n|v
plummet	n|v
plump	adj|adv|n|v
plunder	n|v
plunge	n|v
plural	adj|n
plus	adj|conj|n|prep|v
plush	adj|n|v
plutocracy	n
plutocrat	n
ply	n|v
pneumatic	adj|n
pneumonia	n
poach	n|v
pocket	adj|n|v
pocketbook	n
pod	n|v
podiatrist	n
podium	n|v
poem	n
poet	n
poetry	n
poignant	adj
point	interj|n|v
pointed	adj|v
pointless	adj
poise	n|v
poison	n|v
poisonous	adj
poke	n|v
polar	adj|n
polarity	n
polarize	v
pole	n|v
polemic	adj|n
polemical	adj|n
police	n|v
policeman	n
policy	n|v
polish	adj|n|v
polished	adj|v
polite	adj|n|v
politic	adj|n|v
political	adj|n
politician	n
politics	n|v
poll	adj|n|v
pollen	n|v
pollinate	adj|v
pollination	n
pollinator	n
pollster	n
pollutant	n
pollute	adj|v
pollution	n
poltroon	adj|n
polyandry	n
polyglot	adj|n
polygon	n
polygonal	adj
polymath	n
polymer	n
pomposity	n
pompous	adj
poncho	n
pond	n|v
ponder	n|v
ponderable	adj
ponderous	adj
pontifical	adj|n
pontificate	n|v
pony	adj|n|v
pool	n|v
poor	adj|n|v
pop	adj|interj|n|v
popcorn	n|v
pope	n|v
populace	n
popular	adj|n
popularity	n
population	n
populous	adj
porcelain	n|v
porch	n
porcine	adj|n
porcupine	n
pore	n|v
pork	n|v
porous	adj
porpoise	n|v
porridge	n
port	adj|n|v
portable	adj|n
portend	v
portentous	adj
porter	n|v
portfolio	n
portion	n|v
portrait	adj|n|v
portraitist	n
portraiture	n
portray	v
portrayal	n
portuguese	adj|n
pose	n|v
poseur	n
posit	n|v
position	n|v
positions	n|v
positive	adj|n
positively	adv
positiveness	n
posse	n
possess	v
possessed	adj|v
possession	n|v
possibility	n
possible	adj|n
possibly	adv
post	adv|n|prep|v
postage	n
postal	adj
postbox	n
postcard	n|v
postcode	n|v
postdate	adj|n|v
poster	n|v
posterior	adj|n
posterity	n
postgraduate	adj|n
posthumous	adj
postman	n
postmaster	n
postoperative	adj|n
postpone	v
postscript	n|v
postulate	n|v
posture	n|v
postwar	adj
pot	n|v
potable	adj|n
potash	n|v
potassium	n
potation	n
potato	interj|n|v
potboiler	n
potent	adj|n
potentate	adj|n
potential	adj|n
potentiality	n
potentiate	v
potion	n|v
potpourri	n
potted	adj|v
potter	n|v
pottery	n
poultry	n
pounce	n|v
pound	n|v
pounds	n|v
pour	n|v
pout	n|v
poverty	n
powder	n|v
power	adj|interj|n|v
powerful	adj|adv
practicable	adj
practical	adj|n
practicality	n
practically	adv
practice	n|v
practise	n|v
practitioner	n
pragmatic	adj|n
prairie	n
praise	n|v
prance	n|v
prank	n|v
prate	n|v
pray	adv|n|v
prayer	n
preach	interj|n|v
preamble	n|v
precarious	adj
precaution	n|v
precautions	n
precede	n|v
precedence	n
precedent	adj|n|v
preceding	adj|v
precept	n|v
precious	adj|adv|n
precipice	n
precipitant	adj|adv|n
precipitate	adj|n|v
precipitation	n
precipitous	adj
precise	adj|v
precision	adj|n
preclude	v
precocious	adj
precursor	adj|n
predator	n
predatory	adj
predecessor	n
predestine	v
predicament	n
predict	n|v
predictability	n
predictable	adj|n
prediction	n
predictive	adj|n
predilection	n
predisposition	n
predominant	adj|n
predominantly	adv
predominate	adj|v
preeminent	adj
preempt	n|v
preen	n|v
prefabricated	adj|v
preface	n|v
prefer	v
preferable	adj
preference	n|v
prefigure	n|v
pregnancy	n
pregnant	adj|n
prehensile	adj
prehistoric	adj
prejudice	adj|n|v
preliminary	adj|n
preliterate	adj|n
prelude	n|v
premature	adj|n
premeditate	v
premeditated	adj|v
premier	adj|n|v
premiere	n|v
premise	n|v
premium	adj|n
premonition	n
preoccupation	n
preparation	n
prepare	n|v
preponderance	n
preponderant	adj
preponderate	v
preposition	n|v
prepossessing	adj|v
preposterous	adj
prerequisite	adj|n
prerogative	adj|n
presage	n|v
prescience	n
prescribe	v
prescribed	adj|v
prescription	n
presence	n|v
present	adj|n|v
presentation	n
presenter	n
presentiment	n
presently	adv
preservation	n
preservative	adj|n
preserve	n|v
preset	adj|n|v
preside	v
presidency	n
president	adj|n|v
press	n|v
pressing	adj|n|v
pressure	n|v
prestige	adj|n|v
prestigious	adj
presumable	adj
presumably	adv
presume	v
presumption	n
presumptuous	adj
presupposition	n
pretence	n
pretend	adj|n|v
pretense	n
pretension	n|v
pretentious	adj
preternatural	adj
pretext	n|v
pretty	adj|adv|n|v
prevail	v
prevailing	adj|v
prevalence	n
prevalent	adj|n
prevaricate	v
prevent	v
prevention	n
preview	n|v
previous	adj|n
previously	adv
prevision	n|v
prey	n|v
price	n|v
prick	n|v
prickle	n|v
pride	n|v
priest	n|v
prig	n|v
prim	adj|n|v
primal	adj|n|v
primarily	adv
primary	adj|n|v
primate	n
prime	adj|n|v
primitive	adj|n
primordial	adj|n
primp	v
prince	n|v
princess	n
principal	adj|n
principally	adv
principle	n|v
print	adj|n|v
printed	adj|v
printer	n
printing	n|v
prior	adj|adv|n
priorities	interj|n
priority	n
prism	n
prison	n|v
prisoner	n
prissy	adj|n
pristine	adj
privacy	n
private	adj|n|v
privation	n
privilege	n|v
prize	adj|n|v
prizes	n|v
probability	n
probable	adj|n
probably	adv
probation	n
probe	n|v
probity	n
problem	adj|n
problems	n
proboscis	n
procedure	n
proceed	v
proceeding	n|v
proceeds	n|v
process	n|v
processing	n|v
procession	n|v
proclaim	v
proclamation	n
proclivity	n
procrastinate	v
procreate	adj|n|v
procrustean	adj
proctor	adj|n|v
procure	v
procurement	n
prod	n|v
prodigal	adj|n
prodigious	adj|adv
prodigy	n
produce	n|v
producer	n
product	n|v
production	n
productive	adj
productivity	n
products	n
profane	adj|n|v
profess	v
profession	n
professional	adj|n
professionalism	n
professions	n
professor	n
proffer	n|v
proficiency	n
proficient	adj|n
profile	n|v
profit	n|v
profitable	adj
profiteer	n|v
profitless	adj
profits	n|v
profligate	adj|n|v
profound	adj|n|v
profoundly	adv
profuse	adj|v
progenitor	n
progeny	n
prognosis	n
prognostic	adj|n
prognosticate	v
program	n|v
programme	n|v
progress	n|v
progression	n
progressive	adj|n
prohibit	v
prohibition	n
prohibitive	adj|n
prohibitively	adv
project	n|v
projectile	adj|n
projecting	adj|n|v
projection	n
projectionist	n
projector	n
proliferate	v
proliferation	n
prolific	adj
prolix	adj|v
prolixity	n
prologue	n|v
prolong	v
promenade	n|v
prominence	n
prominent	adj|n
promise	n|v
promising	adj|n|v
promote	v
promoter	n
promotion	n
prompt	adj|n|v
promptly	adv
promulgate	v
prone	adj|n|v
pronghorn	n
pronoun	n
pronounce	n|v
pronounced	adj|v
pronunciation	n
proof	adj|n|v
proofread	n|v
prop	n|v
propaganda	n
propagate	adj|v
propagation	n
propel	v
propellant	adj|n
propeller	n
propensity	n
proper	adj|adv|n
properly	adv
property	n|v
prophecy	n|v
prophet	n
prophetic	adj
propitiate	v
propitious	adj
proponent	adj|n
proportion	n|v
proportional	adj|n
proposal	n
propose	n|v
proposition	n|v
propound	v
proprietary	adj|n
proprietor	n
proprietorship	n
propriety	n
propulsion	n
prorogue	v
prosaic	adj
proscribe	v
prose	n|v
prosecute	v
prosecution	n
prosecutor	n
proselytize	v
prospect	n|v
prospecting	n|v
prospective	adj|n
prospector	n
prospectus	n
prosper	n|v
prosperity	n
prosperous	adj
prostrate	adj|v
protagonist	n
protean	adj|n
protect	v
protection	n
protectionist	adj|n
protective	adj|n
protein	n
protend	v
protest	n|v
protocol	n|v
proton	n
prototype	n|v
prototypical	adj
protract	v
protrude	v
protruding	v
protuberance	n
protuberant	adj
proud	adj|n
prove	n|v
provenance	n|v
provender	n|v
proverb	n|v
proverbially	adv
provide	v
provided	conj|v
provident	adj
providential	adj
province	n
provincial	adj|n
provincialism	n
provision	n|v
provisional	adj|n
provisory	adj|n
provocation	n
provocative	adj|n
provoke	v
provost	n|v
prowess	n
prowl	n|v
proximate	adj|n
proximity	n
proxy	adj|n|v
prude	adj|n
prudence	n
prudent	adj
prudish	adj
prune	n|v
pry	n|v
psalm	n|v
pseudonym	n
psyche	interj|n|v
psychiatric	adj|n
psychiatry	n
psychoanalysis	n
psycholinguistics	n
psychological	adj
psychologist	n
psychology	n
pub	n|v
puberty	n
public	adj|n|v
publication	n
publicity	n
publicize	v
publicly	adv
publish	v
pucker	n|v
puckish	adj
pudding	n
puddle	n|v
pueblo	n
puerile	adj
puff	n|v
puffery	n
pugilism	n
pugilist	n
pugnacious	adj
puissance	n
puissant	adj
pulchritude	n
pull	interj|n|v
pullet	n
pulley	n|v
pullulate	v
pulp	adj|n|v
pulpit	n
pulsate	v
pulsation	n
pulse	n|v
pulverize	v
pummel	n|v
pump	n|v
pumpkin	n
pun	n|v
punch	adj|n|v
punctilious	adj
punctual	adj
punctuate	adj|v
punctuation	n
puncture	n|v
pundit	n
pungent	adj
punish	v
punishment	n
puny	adj|n
pupil	n
puppet	n|v
puppy	n|v
purblind	adj|n|v
purchase	n|v
pure	adj|adv|n|v
purely	adj|adv
purest	adj
purgative	adj|n
purgatory	adj|n
purge	n|v
purification	n
purified	adj|v
purify	v
purity	n
purlieu	n
purloin	v
purple	adj|n|v
purport	n|v
purported	adj|v
purpose	n|v
purse	n|v
pursue	v
pursuit	n
purvey	n|v
push	n|v
pusillanimous	adj
put	n|v
putative	adj
putrefy	v
putrid	adj
puzzle	n|v
puzzled	adj|v
puzzling	adj|n|v
pygmy	adj|n
pyjamas	n
pylon	n
pyramid	n|v
pyre	n
pyromania	n
quack	adj|interj|n|v
quadrangle	n
quadrilateral	adj|n
quadruped	n
quaff	n|v
quagmire	n|v
quail	n|v
quaint	adj|n
quake	n|v
qualification	n
qualifications	n
qualified	adj|v
qualify	n|v
qualitative	adj|n
quality	n
qualm	n|v
qualms	n
quandary	n
quantify	v
quantitative	adj
quantity	n
quantum	adj|n
quarantine	n|v
quarrel	n|v
quarry	n|v
quart	adj|adv|n|v
quarter	adj|n|v
quarterly	adj|adv|n
quartet	n
quartz	n
quash	v
quaver	n|v
quay	adj|adv|n|v
queasy	adj
queen	n|v
queer	adj|adv|n|v
quell	n|v
quench	n|v
querulous	adj
query	n|v
quest	n|v
question	n|v
questionable	adj
questionnaire	n|v
questions	n|v
queue	n|v
quibble	n|v
quick	adj|adv|n|v
quicken	n|v
quiescent	adj
quiet	adj|interj|n|v
quill	n|v
quilt	n|v
quilter	n
quintessence	n|v
quip	n|v
quirk	n|v
quisling	n|v
quit	adj|n|v
quite	adv|interj|n
quiver	adj|n|v
quixotic	adj|n
quiz	n|v
quota	n
quotation	n
quote	n|phrase|v
quotidian	adj|n
rabbit	n|v
rabble	n|v
rabid	adj|n
rabies	n
race	n|v
racial	adj|n
rack	n|v
racket	n|v
racketeer	n|v
raconteur	n|v
racy	adj
radar	n|v
radial	adj|n
radiant	adj|n
radiate	adj|n|v
radiation	n
radiator	n
radical	adj|n
radically	adv
radio	n|v
radioactive	adj|n
radioactivity	n
radish	n
radium	n|v
radius	n|v
raffish	adj
raffle	n|v
raft	n|v
rafter	n|v
rag	n|v
rage	n|v
ragged	adj|v
ragtime	n|v
raid	n|v
rail	n|v
raillery	n
railroad	n|v
railway	n
rain	n|v
rainbow	adj|n|v
raincoat	n
rainfall	n
rainforest	n
rainwater	n
rainy	adj
raise	n|v
raisin	n|v
rake	n|v
rakish	adj
rally	n|v
ram	adj|n|v
ramble	n|v
rambunctious	adj
ramify	v
ramp	n|v
rampage	n|v
rampant	adj|adv
rampart	n|v
ramshackle	adj|v
ranch	n|v
rancher	n
ranching	n|v
rancid	adj
rancor	n|v
random	adj|n|v
range	n|v
ranger	n|v
rank	adj|adv|n|v
rankle	n|v
ransom	n|v
rant	n|v
rap	n|v
rapacious	adj
rape	adv|n|v
rapid	adj|adv|n
rapidity	n
rapidly	adv
rapids	n
rapport	n
rapprochement	n
rapscallion	adj|n
rapt	adj|n|v
rapture	n|v
rare	adj|n|v
rarefaction	n
rarefy	v
rarely	adv
rascal	adj|n
rash	adj|adv|n|v
rashly	adv
rasp	n|v
raspy	adj
rat	n|v
rate	n|v
rather	adj|adv|interj|n|v
ratification	n
ratify	v
rating	n|v
ratio	interj|n|v
ratiocination	n
ration	n|v
rational	adj|n
rationing	n|v
rattle	n|v
rattlesnake	n
raucous	adj
ravage	n|v
rave	n|v
ravel	n|v
raven	adj|n|v
ravenous	adj
ravine	adj|n|v
ravish	v
ravishing	adj|n|v
raw	adj|adv|n|v
rawhide	n|v
ray	n|v
rayon	n
raze	n|v
razor	n|v
reach	n|v
react	n|v
reactant	n
reaction	n
reactionary	adj|n
reactor	n
read	n|v
reader	n
readers	n
readily	adv
reading	n|v
readjust	v
ready	adj|n|v
reagent	n
real	adj|adv|n
realign	v
realise	v
realism	n
realistic	adj
reality	n
realization	n
realize	v
really	adv|interj|v
realm	n
ream	n|v
reap	n|v
reaper	n
rear	adj|adv|n|v
rearrange	v
reason	n|v
reasonable	adj
reasoning	n|v
reasons	n|v
reassurance	n
reassure	v
rebarbative	adj
rebate	n|v
rebel	n|v
rebellion	n
rebellious	adj
rebroadcast	n|v
rebuff	n|v
rebuild	n|v
rebuke	n|v
rebus	n|v
rebut	v
rebuttal	n
recalcitrant	adj|n
recall	n|v
recant	v
recantation	n
recapitulate	v
recast	n|v
recede	v
receipt	n|v
receive	n|v
receiver	n
recent	adj|n
recently	adv
receptacle	n
reception	n
receptionist	n
receptive	adj
receptor	n
recess	adj|n|v
recession	n
recessive	adj|n
recipe	n
recipient	adj|n
reciprocal	adj|n
reciprocate	v
recital	n
recite	v
reckless	adj|n
reckon	n|v
reclaim	n|v
reclamation	n
recline	n|v
recluse	adj|n|v
recognise	v
recognition	n
recognize	v
recoil	n|v
recollect	n|v
recollection	n
recombine	v
recommend	n|v
recommendation	n
recompense	n|v
recompose	v
reconcile	v
reconciliation	n
recondite	adj|n|v
reconnaissance	n
reconnoiter	n|v
reconstitute	v
reconstruct	v
reconstruction	n
record	adj|n|v
recorder	n
recording	n|v
records	n|v
recount	n|v
recourse	n|v
recover	n|v
recovery	n
recreation	n
recreational	adj
recruit	n|v
recruitment	n
rectangle	adj|n
rectangular	adj
rectify	v
rectitude	n
recumbent	adj|n
recuperate	v
recur	v
recurrence	n
recurrent	adj
recurring	adj|n|v
recycle	n|v
recycled	adj|v
recycling	n|v
red	adj|interj|n|v
reddish	adj|n
redeem	v
redemptive	adj
redirect	n|v
redistribution	n
redolent	adj
redoubtable	adj|n
redress	n|v
reduce	v
reduction	n
redundancy	n
redundant	adj
reed	n|v
reedy	adj|n
reef	adj|n|v
reek	n|v
reel	n|v
refectory	n
refer	n|v
referee	n|v
referees	n
reference	n|v
referendum	n
refine	v
refined	adj|n|v
refinement	n
refinery	n
reflect	v
reflectance	n
reflection	n
reflexion	n
reform	adj|n|v
reformer	n
reformism	n
refraction	n
refractory	adj|n
refrain	n|v
refresh	n|v
refreshing	adj|n|v
refreshment	n
refreshments	n
refrigerant	adj|n
refrigerate	v
refrigeration	n
refrigerator	n
refuge	n|v
refugee	n|v
refulgent	adj
refund	n|v
refurbish	n|v
refusal	n
refuse	adj|n|v
refute	v
regal	adj|n
regale	n|v
regard	n|v
regarding	n|prep|v
regardless	adj|adv|prep
regards	n|v
regenerate	adj|n|v
regeneration	n
regenerative	adj
regent	adj|n
regime	n
regimen	n
regiment	n|v
regimentation	n
region	n
regional	adj|n
register	n|v
registrar	n
registration	n
regress	n|v
regressive	adj
regret	n|v
regular	adj|adv|n
regularity	n
regularly	adv
regulate	v
regulation	adj|n
regulations	n
regulatory	adj
rehabilitate	v
rehabilitation	n
rehearsal	n
rehearse	v
reheating	n|v
reign	n|v
reigning	adj|v
reimburse	v
rein	n|v
reincarnate	v
reinforce	v
reinforced	adj|v
reinstate	v
reinterpretation	n
reiterate	adj|n|v
reject	n|v
rejection	n
rejoice	v
rejoin	v
rejoinder	n|v
rejuvenate	v
rekindle	n|v
relapse	n|v
relate	v
related	adj|v
relation	n
relations	n
relationship	n
relative	adj|adv|n
relatively	adv
relativity	n
relax	v
relaxation	n
relaxed	adj|v
relay	n|v
release	n|v
relegate	adj|n|v
relent	adj|n|v
relenting	n|v
relentless	adj
relevance	n
relevant	adj
reliability	n
reliable	adj|n
reliance	n
reliant	adj
relic	adj|n|v
relief	adj|n
relieve	v
relieved	adj|v
religion	n|v
religious	adj|n
relinquish	v
relish	n|v
reluctant	adj
rely	v
remain	n|v
remainder	adj|n|v
remaining	adj|n|v
remains	n|v
remark	n|v
remarkable	adj
remarkably	adv
remedy	n|v
remember	v
remind	n|v
reminder	n
reminisce	n|v
remiss	adj
remission	n|v
remit	n|v
remittance	n
remittent	adj|n
remnant	adj|n
remonstrance	n
remonstrate	v
remorse	n|v
remote	adj|n|v
removal	n
remove	n|v
remunerate	v
remunerative	adj
renaissance	adj|n
renascent	adj
rend	n|v
render	n|v
rendering	n|v
rendezvous	n|v
rendition	n|v
renegade	adj|n|v
renege	v
renew	n|v
renewable	adj|n
renewal	n
renounce	n|v
renovate	adj|v
renovation	n
renown	n|v
renowned	adj|v
rent	adj|n|v
rentable	adj
rental	adj|n
renunciate	adj|n
renunciation	n
reorient	adj|v
repair	n|v
repairs	n|v
reparable	adj
reparation	n
repartee	n|v
repatriate	n|v
repay	v
repeal	n|v
repeat	n|v
repeatedly	adv
repel	v
repellent	adj|n
repent	adj|v
repercussion	n
repertoire	n
repertory	n
repetition	n|v
repetitive	adj
repine	n|v
replace	v
replacement	n
replenish	v
replete	adj|n|v
replica	n
replicate	adj|n|v
reply	n|v
report	n|v
reportage	n
reporter	n
reportorial	adj
reports	n|v
repose	n|v
repository	n
reprehend	v
reprehensible	adj|n
represent	v
representation	n
representative	adj|n
repress	n|v
repressed	adj|v
repression	n
repressive	adj
reprieve	n|v
reprimand	n|v
reprisal	n
reprise	n|v
reproach	n|v
reprobate	adj|n|v
reproduce	v
reproduction	n
reproductive	adj|n
reproof	n|v
reprove	v
reptile	adj|n
reptilian	adj|n
republic	n
republican	adj|n
repudiate	adj|n|v
repugnance	n
repugnant	adj
repulse	n|v
repulsion	n
repulsive	adj
reputation	n
repute	n|v
reputed	adj|v
request	n|v
require	v
requirement	n
requisite	adj|n
requital	n
requite	n|v
reschedule	v
rescind	v
rescission	n
rescript	n|v
rescue	n|v
research	n|v
researcher	n
resemblance	n
resemble	v
resent	v
resentful	adj
resentment	n
reservation	n
reserve	n|v
reservior	
reservoir	n|v
reshape	v
reshuffle	n|v
reside	n|v
residence	n
resident	adj|n
residential	adj|n
residents	n
residual	adj|n
residue	n
resign	v
resignation	n
resigned	adj|v
resilience	n
resilient	adj
resin	n|v
resist	n|v
resistance	n
resistant	adj|n
resolute	adj|n
resolution	n
resolve	n|v
resonance	n
resonant	adj|n
resort	n|v
resound	n|v
resource	n|v
resourceful	adj
resources	n|v
respect	interj|n|v
respectable	adj|n
respectful	adj
respective	adj
respectively	adv
respiration	n
respiratory	adj
respite	n|v
resplendent	adj
respond	n|v
respondent	adj|n
respondents	n
response	n
responsibility	n
responsible	adj|n
responsive	adj
responsiveness	n
rest	n|v
restaurant	n
restaurants	n
restitution	n
restive	adj
restiveness	n
restless	adj
restoration	n
restorative	adj|n
restore	n|v
restored	adj|v
restrain	v
restraint	n
restrict	adj|v
restriction	n
restrictive	adj|n
result	interj|n|v
resultant	adj|n
results	n|v
resume	n|v
resurge	n|v
resurgence	n
resurrect	v
resuscitate	adj|v
retail	adj|adv|n|v
retailer	n
retails	v
retain	n|v
retainer	n
retaliate	v
retaliation	n
retard	n|v
retell	v
retention	n
retentive	adj|n
reticence	n|v
reticent	adj
reticulation	n
retinue	n
retire	n|v
retirement	n
retiring	adj|n|v
retool	v
retort	n|v
retouch	n|v
retrace	n|v
retract	n|v
retreat	n|v
retrench	v
retrenchment	n
retribution	n
retrieve	n|v
retriever	n
retroactive	adj
retrograde	adj|adv|n|v
retrospect	n|v
retrospection	n
retrospective	adj|n
return	n|v
reunion	n
reuse	n|v
reveal	n|v
revealing	adj|n|v
revelation	n
revelry	n
revenge	n|v
revenue	n|v
reverberate	adj|v
revere	n|v
revered	adj|v
reverence	n|v
reverent	adj
reverently	adv
reverie	n|v
reverse	adj|adv|n|v
reversible	adj|n
reversion	n
revert	n|v
review	n|v
reviewer	n
revile	n|v
revise	n|v
revision	n|v
revitalization	n
revitalize	v
revival	n
revive	n|v
revoke	n|v
revolt	n|v
revolution	n
revolutionary	adj|n
revolutionize	v
revolve	n|v
revue	n
revulsion	n
reward	n|v
rewarding	adj|v
rewind	n|v
rewrite	n|v
rhapsody	n|v
rhetoric	adj|n
rhinestone	adj|n|v
rhinoceros	n
rhubarb	adj|n|v
rhyme	n|v
rhythm	n|v
rhythmic	adj
rhythmical	adj
rib	n|v
ribald	adj|n
ribbon	n|v
rice	n|v
rich	adj|n|v
rickety	adj
rid	adj|n|v
riddle	n|v
ride	n|v
rider	n
riders	n
ridge	n|v
ridicule	adj|n|v
ridiculous	adj
rife	adj|adv
riffle	n|v
riffraff	n
rifle	n|v
rift	n|v
rig	n|v
right	adj|adv|interj|n|v
righteous	adj|v
rigid	adj|n
rigidity	n
rigmarole	adj|n
rigor	n
rigorous	adj
rigour	n
rile	v
rim	n|v
rind	n|v
ring	n|v
ringlet	n|v
rinse	n|v
riot	n|v
riotous	adj
rip	interj|n|v
ripe	adj|n|v
ripen	v
ripple	n|v
rise	n|v
rising	adj|n|prep|v
risk	n|v
risks	n|v
risky	adj
rite	adj|adv|interj|n
ritual	adj|n
rival	adj|n|v
rivalry	n
rive	n|v
riven	adj|v
river	n|v
rivers	n|v
rivet	n|v
riveting	adj|n|v
rivulet	n
road	adj|n
roam	n|v
roar	n|v
roast	adj|n|v
rob	n|v
robber	n
robbery	n
robe	n|v
robot	n
robots	n
robust	adj
rock	n|v
rocket	n|v
rocks	n|v
rocky	adj|n
rod	n|v
rodent	adj|n
roe	n
roil	v
roister	n|v
role	n
roll	n|v
roller	n|v
rollicking	adj|n|v
roman	adj|n
romance	adj|n|v
romantic	adj|n
roof	n|v
rookie	adj|n|v
room	adj|adv|n|v
roommate	n
roost	n|v
rooster	n
root	n|v
rope	n|v
rose	adj|n|v
roster	n|v
rostrum	n
rosy	adj|n|v
rot	n|v
rotary	adj|n
rotate	adj|v
rotation	n
rote	adj|n|v
rotten	adj|adv
rotund	adj
rough	adj|adv|n|v
roughen	v
roughly	adv
round	adj|adv|n|prep|v
roundabout	adj|n|v
rounded	adj|v
rouse	n|v
rout	n|v
route	n|v
routine	adj|n
routinely	adv
rove	n|v
row	n|v
rowdy	adj|n
rows	n|v
royal	adj|n
royalty	n
rub	n|v
rubber	adj|n|v
rubbery	adj
rubbish	adj|interj|n|v
rubble	n|v
rubicund	adj
ruby	adj|n|v
ruck	n|v
rucksack	n
rudder	n
ruddy	adj|adv|n|v
rude	adj
rudimentary	adj|n
rue	n|v
ruffian	adj|n|v
ruffle	n|v
rug	n|v
rugby	n|v
rugged	adj|v
ruin	n|v
ruinous	adj
ruins	n|v
rule	n|v
ruler	n|v
rules	n|v
rumble	interj|n|v
ruminant	adj|n
ruminate	adj|v
rumor	n|v
rumour	n|v
rumple	n|v
run	adj|n|v
rung	adj|n|v
runic	adj|n
runner	n
running	adj|adv|n|prep|v
runoff	n
rupture	n|v
rural	adj|n
ruse	n|v
rush	adj|n|v
russia	n
russian	adj|n|v
rust	n|v
rustic	adj|n
rustle	n|v
rustler	n
rustproof	adj|v
rusty	adj|n
rut	n|v
ruthless	adj
ruthlessness	n
saber	n|v
sabotage	n|v
saboteur	n
sac	n|v
saccharin	n
saccharine	adj|n
sack	n|v
sacrament	n|v
sacred	adj|v
sacrifice	n|v
sacrilege	n
sacrilegious	adj
sad	adj|interj|n|v
sadden	v
saddle	n|v
sadistic	adj
sadly	adv
sadness	n
safari	n|v
safe	adj|n|v
safeguard	n|v
safely	adv
safety	n|v
saga	n
sagacious	adj
sage	adj|interj|n|v
sail	n|v
sailing	adj|n|v
sailor	n
saint	n|v
saintly	adj
sake	n
salad	n
salary	adj|n|v
sale	n
sales	n
salesgirl	n
salesman	n
saleswoman	n
salient	adj|n
saliferous	adj
saline	adj|n
salinity	n
saliva	n|v
sallow	adj|n|v
salmon	adj|n|v
salt	adj|n|v
saltiness	n
salty	adj
salubrious	adj
salutary	adj
salutation	n
salute	n|v
salvage	n|v
salvation	n|v
salve	interj|n|v
same	adj|adv|interj|n|pron
sample	n|v
sampler	n
sanatorium	n
sanctify	v
sanctimonious	adj
sanction	n|v
sanctuary	n
sand	adj|n|v
sandal	n|v
sandwich	adj|n|v
sandy	adj|n
sane	adj|n
sangfroid	n
sanguine	adj|n|v
sanitary	adj|n
sanitation	n
sanity	n
sap	n|v
sapience	n
sapient	adj|n
sapling	n
sapphire	adj|n
sarcasm	n
sarcastic	adj
sardine	adj|n|v
sardonic	adj
sartorial	adj
sash	n|v
satanic	adj
sate	n|v
sated	adj|v
satellite	n|v
satiate	adj|v
satiated	adj|v
satiny	adj
satire	n
satiric	adj
satirical	adj
satirist	n
satirize	v
satisfaction	n
satisfactorily	adv
satisfactory	adj|n
satisfy	v
saturate	adj|n|v
saturated	adj|v
saturation	n
saturday	adv|n|v
saturn	n
saturnine	adj
sauce	n|v
saucer	n|v
saunter	n|v
sausage	n|v
savage	adj|n|v
savant	n
save	conj|n|prep|v
saving	adj|n|prep|v
savings	n
savor	n|v
savvy	adj|n|v
saw	interj|n|v
sawdust	n|v
say	adv|interj|n|v
saying	adj|n|v
scab	n|v
scabbard	n|v
scabrous	adj
scad	n
scads	n
scaffold	n|v
scaffolding	n|v
scald	adj|n|v
scalding	adj|n|v
scale	n|v
scaled	adj|v
scalpel	n|v
scamper	n|v
scan	n|v
scandal	n|phrase|v
scant	adj|adv|det|n|v
scanty	adj
scapegoat	n|v
scar	n|v
scarce	adj|adv|n
scarcely	adv
scarcity	n
scare	adj|n|v
scarf	n|v
scarlet	adj|n|v
scarp	n|v
scathe	n|v
scathing	adj|v
scatter	n|v
scavenger	n|v
scenario	n
scene	interj|n|v
scenery	n
scenic	adj|n
scent	n|v
sceptical	adj
schedule	n|v
schematic	adj|n
schematize	v
scheme	n|v
schism	n|v
scholar	n
scholarly	adj|adv
scholarship	n|v
school	n|v
schoolbag	n
schoolmate	n
science	n|v
scientific	adj
scientist	n
scientists	n
scintillate	v
scion	n
scission	n
scissor	n|v
scissors	interj|n|v
scoff	n|v
scold	n|v
scoop	n|v
scooter	n|v
scope	n|v
scorch	n|v
scorching	adj|n|v
score	interj|n|v
scores	n|v
scorn	n|v
scornful	adj
scorpion	adj|n
scotch	adj|n|v
scotland	n
scotsman	n
scottish	adj|n
scour	n|v
scourge	n|v
scout	n|v
scowl	n|v
scramble	interj|n|v
scrap	n|v
scrape	n|v
scraping	n|v
scrappy	adj
scratch	adj|n|v
scrawl	n|v
scream	n|v
screed	adj|n|v
screen	n|v
screw	n|v
screwdriver	n
scribble	n|v
script	n|v
scripture	n
scroll	n|v
scrub	adj|n|v
scrumptious	adj
scruple	n|v
scrupulous	adj
scrupulously	adv
scrutable	adj
scrutinize	v
scrutiny	n|v
scuba	n|v
scud	adj|n|v
scuff	n|v
scuffle	n|v
sculpt	n|v
sculptor	n
sculptural	adj
sculpture	n|v
scum	n|v
scurrilous	adj
scurry	n|v
scurvy	adj|n
scutter	n|v
scuttle	n|v
scythe	n|v
sea	n
seabed	n
seafaring	adj|n
seafood	n
seagull	n|v
seal	n|v
seam	n|v
seaman	n
seamen	n
seamount	n
seamy	adj
seaport	n
sear	adj|n|v
search	n|v
seashell	adj|n|v
seashore	n
seaside	adj|adv|n
season	n|v
seasonal	adj|n
seasoned	adj|v
seasoning	n|v
seat	n|v
seats	n|v
seaweed	n
secede	v
seclude	v
seclusion	n
second	adj|adv|n|v
second-hand	adj
secondary	adj|n
secondhand	adj|adv|n
secondly	adv
secret	adj|n|v
secretary	n|v
secrete	adj|v
secretin	n
secretion	n
secretive	adj
sect	n
section	n|v
sectional	adj|n
sector	n
secular	adj|n
secure	adj|v
securely	adv
securities	n
security	n
sedate	adj|v
sedative	adj|n
sedentary	adj|n
sediment	n|v
sedimentary	adj|n
sedition	n
seditious	adj
seduce	v
sedulity	n
sedulous	adj
see	interj|n|v
seed	n|v
seedling	n
seek	n|v
seem	v
seemingly	adv
seemly	adj|adv
seep	n|v
seethe	n|v
segment	n|v
segregate	adj|n|v
seine	n|v
seismic	adj
seismograph	n
seismology	n
seize	v
seldom	adj|adv
select	adj|n|v
selection	n
self	adj|n|pron|v
self-abasement	n
self-absorbed	adj
self-assertion	n
self-defense	n
self-discipline	n
self-sufficient	adj
selfish	adj
selfishness	n
sell	n|v
seller	n
semblance	n
semester	n
semiarid	adj
semicircle	n|v
semiconductor	n
semiliterate	adj|n
semimolten	adj
seminal	adj|n
seminar	n|v
seminary	adj|n
seminate	v
senate	n
senator	n
send	n|v
senile	adj|n
senior	adj|n
sensation	n
sensational	adj
sense	n|v
senseless	adj
sensibility	n
sensible	adj|n
sensitive	adj|n
sensitivity	n
sensitization	n
sensitize	v
sensor	n
sensory	adj|n
sensual	adj
sensuous	adj
sentence	n|v
sentences	n|v
sententious	adj
sentient	adj|n
sentiment	n
sentimental	adj
sentimentalism	n
sentimentalize	v
sentinel	n|v
sentry	n
separate	adj|n|v
separately	adv
separation	n
september	n
septic	adj|n
sepulchral	adj
sequacious	adj
sequela	n
sequence	n|v
sequential	adj
sequester	n|v
sequestrate	adj|v
seraphic	adj
sere	adj|n
serenade	n|v
serendipity	n
serene	adj|n|v
serenity	n
serfdom	n
serial	adj|n|v
series	n
serious	adj|adv
seriously	adv
sermon	n|v
sermonize	v
serpent	n|v
serpentine	adj|n|v
serrate	adj|v
serrated	adj|v
serried	adj|v
servant	n|v
serve	n|v
service	n|v
serviceable	adj
servile	adj|n
servitude	n
session	n|v
set	adj|n|v
setback	n
setting	adj|n|v
settle	n|v
settled	adj|v
settlement	n
settler	n
seven	n|num
seventeen	num
seventh	adj|n
seventy	n|num
sever	v
several	adj|adv|det|n
severe	adj|n
severely	adv
sew	n|v
sewage	n
sewer	n|v
sewerage	n
sex	n|v
sextant	n
sexual	adj|n
shabby	adj|v
shack	adj|n|v
shackle	n|v
shade	n|v
shadow	adj|n|v
shadowy	adj
shady	adj|n
shaft	n|v
shake	n|v
shaky	adj
shale	n|v
shall	v
shallow	adj|n|v
sham	adj|n|v
shamble	n|v
shambles	n|v
shame	adj|interj|n|v
shameful	adj
shameless	adj
shampoo	n|v
shanghai	n|v
shanty	adj|n|v
shape	n|v
shard	n|v
share	n|v
shark	n|v
sharp	adj|adv|n|v
sharpen	v
sharpener	n
sharply	adv
shatter	n|v
shattered	adj|v
shave	n|v
shaver	n
shavings	n
shawl	n|v
she	det|n|pron|v
sheaf	n|v
shear	adj|n|v
sheath	n|v
sheathe	v
shed	adj|n|v
sheen	adj|n|v
sheep	n
sheer	adj|adv|n|v
sheet	n|v
shelf	n|v
shell	n|v
shellfish	n
shelter	n|v
sheltered	adj|v
shelve	n|v
shepherd	n|v
sheriff	n|v
shibboleth	n
shield	n|v
shift	n|v
shiftiness	n
shifting	n|v
shiftless	adj
shilling	n|v
shimmer	n|v
shine	n|v
shingle	n|v
shining	adj|n|v
shiny	adj|n
ship	n|v
shipbuilding	n
shipload	n
shipment	n
shipshape	adj|adv
shipwreck	n|v
shipwright	n
shirk	n|v
shirt	n|v
shiver	n|v
shoal	adj|n|v
shock	adj|n|v
shocked	adj|v
shocking	adj|n|v
shoddy	adj|n
shoe	n|v
shoes	n|v
shoot	interj|n|v
shooting	adj|n|v
shop	interj|n|v
shopkeeper	n
shoplift	n|v
shopping	n|v
shopworn	adj
shore	adj|adv|interj|n|v
short	adj|adv|n|prep|v
short-range	adj
shortage	n
shortcoming	n
shortcut	n|v
shorten	n|v
shortfall	n
shorthand	n|v
shortly	adv
shorts	n|v
shot	adj|interj|n|v
should	n|v
shoulder	n|v
shout	n|v
shove	n|v
shovel	n|v
show	n|v
shower	n|v
showy	adj
shred	adj|n|v
shrewd	adj
shriek	n|v
shrill	adj|n|v
shrimp	n|v
shrine	n|v
shrink	n|v
shrinkage	n
shrivel	v
shroud	n|v
shrub	n|v
shrug	n|v
shuck	n|v
shudder	n|v
shuffle	n|v
shun	v
shunt	n|v
shut	adj|n|v
shutter	n|v
shuttle	n|v
shy	adj|n|v
shyness	n
sibilant	adj|n
sibling	n
sibyl	n
sick	adj|n|v
sicken	v
sickness	n
side	adj|adv|n|v
sidereal	adj
sideshow	n
sidesplitting	adj
sidestep	n|v
sideway	adj|adv|n
sideways	adj|adv|n
sidle	n|v
siege	n|v
sieve	n|v
sift	n|v
sigh	interj|n|v
sight	n|v
sightseeing	n|v
sign	n|v
signal	adj|n|v
signatory	adj|n
signature	adj|n|v
significance	n
significant	adj|n
signify	v
silence	interj|n|v
silent	adj|n
silica	n
silicate	n
silicon	n
silk	n|v
sill	adj|n
silly	adj|adv|n
silt	n|v
silver	adj|n|v
silversmith	n
simian	adj|n
similar	adj|n
similarity	n
similarly	adv
simile	n
simper	n|v
simple	adj|n|v
simpleton	n
simplicity	n
simplify	v
simply	adv
simulate	adj|v
simultaneous	adj
simultaneously	adv
sin	n|v
since	adv|conj|prep
sincere	adj|n
sincerely	adv
sincerity	n
sinecure	adj|n|v
sinew	n|v
sing	n|v
singe	n|v
singer	n
single	adj|n|v
singular	adj|n
singularity	n
sinister	adj
sink	n|v
sinuous	adj
sip	n|v
sir	adj|n|v
siren	adj|n|v
sister	n|v
sit	n|v
site	n|v
sites	n|v
sitting-room	n
situated	adj|v
situation	n
six	n|num
sixteen	num
sixteenth	adj|n
sixth	adj|n|v
sixty	n|num
size	n|v
sizes	n|v
sizzler	n
skate	adj|n|v
skateboard	n|v
skating	n|v
skein	n|v
skeleton	n|v
skeptic	adj|n
skeptical	adj
skepticism	n
sketch	adj|n|v
sketchy	adj
skew	adj|adv|n|v
skewer	adj|n|v
ski	n|v
skiff	n|v
skiing	n|v
skill	adj|n|v
skilled	adj|v
skillet	n|v
skillful	adj
skillfully	adv
skills	n|v
skim	adj|n|v
skimp	adj|n|v
skimpy	adj|n
skin	n|v
skinflint	n
skip	n|v
skipping	n|v
skirmish	n|v
skirt	n|v
skit	n|v
skittish	adj
skulk	n|v
skull	n|v
skullduggery	n
skunk	n|v
sky	n|v
skyrocket	n|v
skyscraper	n
slab	adj|n|v
slack	adj|adv|n|v
slacken	v
slag	n|v
slake	n|v
slam	n|v
slander	n|v
slanderous	adj
slang	n|v
slant	adj|n|v
slap	adj|adv|n|v
slapdash	adj|adv|v
slash	adv|conj|n|v
slate	adj|n|v
slaughter	n|v
slave	n|v
slaver	n|v
slavery	adj|n
slavish	adj|n
slay	adj|interj|n|v
sleazy	adj
sledge	n|v
sledgehammer	adj|n|v
sleep	n|v
sleeping	adj|n|v
sleepy	adj|n
sleeve	n|v
sleigh	adj|n|v
sleight	n
slender	adj|n|v
slew	n|v
slice	adj|n|v
slick	adj|adv|n|v
slide	n|v
slight	adj|n|v
slightly	adv
slim	adj|n|v
slime	n|v
slimy	adj|n
sling	n|v
slip	n|v
slippage	n
slipper	adj|n|v
slippery	adj
slipshod	adj
slit	adj|n|v
slither	adj|n|v
sliver	n|v
slobber	n|v
slogan	n
sloop	n
slope	adj|adv|n|v
sloping	adj|n|v
sloppy	adj|n
slot	n|v
sloth	n|v
slothful	adj
slouch	n|v
slough	n|v
sloven	n
slovenly	adj|adv
slow	adj|adv|n|v
slowly	adv
slue	n|v
slug	n|v
sluggard	n
sluggish	adj
sluice	n|v
slum	n|v
slumber	n|v
slump	n|v
slur	n|v
slurp	n|v
sly	adj|adv|n
smack	adv|n|v
small	adj|adv|n|v
smarmy	adj
smart	adj|n|v
smash	n|v
smattering	n|v
smear	n|v
smell	n|v
smelly	adj|n
smelting	n|v
smile	n|v
smirch	n|v
smirk	adj|n|v
smog	n|v
smoke	n|v
smoker	n
smokers	n
smoking	adj|n|v
smooth	adj|adv|n|v
smoothly	adv
smother	n|v
smudge	n|v
smug	adj|n|v
smuggle	v
snack	n|v
snacks	n|v
snag	n|v
snail	n|v
snake	n|v
snap	adj|interj|n|v
snappish	adj
snappy	adj
snare	n|v
snarl	n|v
snatch	n|v
sneak	adj|n|v
sneaker	n
sneaking	adj|n|v
sneer	n|v
sneeze	n|v
snicker	n|v
snide	adj|n
sniff	interj|n|v
snip	n|v
snippet	n|v
snitch	n|v
snob	n
snobbish	adj
snore	n|v
snow	adj|n|v
snowball	adj|n|v
snowdrift	n
snowflake	n|v
snowman	n
snowstorm	n
snowy	adj|n
snub	adj|n|v
snug	adj|n|v
snuggle	n|v
so	adj|adv|conj|interj|n|pron
so-called	adj
soak	n|v
soap	n|v
soar	n|v
soaring	adj|n|v
sob	n|v
sober	adj|n|v
sobriety	n
soccer	n|v
sociable	adj|n
social	adj|n
socialism	n
socialist	adj|n
society	n
sociology	n
sock	adj|interj|n|v
socket	n|v
socks	n|v
sod	adj|interj|n|v
soda	n
sodden	adj|v
sodium	n
sofa	n|v
soft	adj|adv|interj|n
softball	n
soften	v
softly	adv
softness	n
software	n
softwood	n
soggy	adj
soil	n|v
sojourn	n|v
solace	n|v
solar	adj|n
solder	n|v
soldier	n|v
sole	adj|n|v
solely	adv
solemn	adj
solemnity	n
solicit	n|v
solicitor	n
solicitous	adj
solicitude	n
solid	adj|adv|n
solidarity	n
solidify	v
solitary	adj|n
solitude	n
solo	adj|adv|n|v
soloist	n
soluble	adj
solution	n|v
solvable	adj
solve	n|v
solvent	adj|n
somatic	adj
somber	adj|v
some	adv|det|pron
somebody	n|pron
somehow	adv
someone	n|pron
something	adj|adv|n|pron|v
sometime	adj|adv
sometimes	adj|adv
somewhat	adv|n|pron
somewhere	adv|n
somnolent	adj
son	n|phrase|v
sonata	n
song	n
sonnet	n|v
sonorous	adj
soon	adj|adv|n
soot	n|v
soothe	v
sop	n|v
sophism	n
sophisticate	adj|n|v
sophisticated	adj|v
sophistication	n
sophistry	n
sophomore	adj|n
soporific	adj|n
sopping	adj|n|v
sorcery	n
sordid	adj
sore	adj|adv|n|v
sorrow	n|v
sorrowful	adj
sorry	adj|interj|n|v
sort	n|v
soul	adj|n|v
sound	adj|adv|interj|n|v
soundproof	adj|v
soup	n|v
sour	adj|n|v
source	n|v
sources	n|v
souse	adv|n|v
south	adj|adv|n|v
southeast	adj|adv|n
southern	adj|n
southwards	adv|n
southwest	adj|adv|n
souvenir	n|v
souvenirs	n|v
sovereign	adj|n|v
sovereignty	n
soviet	adj|n
sow	n|v
soy	adj|n|v
soybean	n
space	n|v
space shuttle	n
spacecraft	n
spaceship	n
spacious	adj
spackle	n|v
spade	n|v
spain	n
span	n|v
spangle	n|v
spanish	adj|n|v
spank	n|v
spanking	adj|adv|n|v
spare	adj|n|v
sparing	adj|n|v
sparingly	adv
spark	n|v
sparkle	n|v
sparring	n|v
sparrow	n
sparse	adj|v
sparsely	adv
spartan	adj|n
spasmodic	adj|n
spat	n|v
spate	n|v
spatial	adj
spatula	n|v
spawn	n|v
speak	n|v
speaker	n
speaking	adj|interj|n|v
spear	adj|n|v
special	adj|n|v
specialist	adj|n
speciality	n
specialize	v
specialized	adj|v
specially	adv
specialty	n
species	n
specific	adj|n
specifically	adv
specification	n
specifics	n
specified	adj|v
specify	v
specimen	n
specious	adj
speck	n|v
spectacle	n
spectacular	adj|n
spectacularly	adv
spectator	n
specter	n
spectra	n
spectral	adj
spectrum	n
speculate	v
speculation	n
speculative	adj
speech	n|v
speed	interj|n|v
speedy	adj|n|v
speleology	n
spell	n|v
spelling	n|v
spend	n|v
spending	n|v
spendthrift	adj|n
spew	n|v
sphere	n|v
spherical	adj
spice	n|v
spicy	adj
spider	n|v
spike	n|v
spiky	adj
spill	n|v
spin	n|v
spinach	n
spinal	adj|n
spindly	adj
spine	n
spined	adj
spineless	adj
spinet	n
spinning	n|v
spiny	adj|n
spiral	adj|n|v
spire	n|v
spirit	n|v
spiritual	adj|n
spit	n|v
spite	n|prep|v
splash	n|v
splashy	adj
spleen	n|v
splendid	adj
splendor	n
splice	n|v
splint	n|v
split	adj|n|v
splurge	n|v
spoil	n|v
spoilage	n
spoke	n|v
spoken	adj|v
spokesman	n
sponge	n|v
spongy	adj
sponsor	n|v
spontaneity	n
spontaneous	adj
spontaneously	adv
spoof	adj|n|v
spool	n|v
spoon	n|v
spoonful	n
spoons	adj|n|v
spoor	n|v
sporadic	adj
sporadically	adv
sport	n|v
sports	n|v
sportsman	n
sportswear	n
spot	adj|n|v
spotless	adj
spotlight	n|v
spouse	n|v
spout	n|v
sprain	n|v
sprawl	n|v
sprawling	adj|n|v
spray	n|v
spread	n|v
sprig	n|v
sprightly	adj|adv
spring	adj|n|v
springboard	n|v
springtime	n
springwater	n
sprinkle	n|v
sprint	n|v
sprout	n|v
spruce	adj|n|v
spunk	n|v
spur	n|v
spurious	adj
spurn	n|v
spurt	n|v
spy	n|v
squabble	n|v
squad	n|v
squalid	adj|n
squall	n|v
squalor	n
squander	v
square	adj|adv|n|v
squarely	adv
squash	interj|n|v
squat	adj|n|v
squeak	n|v
squeamish	adj
squeeze	n|v
squelch	n|v
squid	n|v
squint	adj|n|v
squirrel	n|v
squirt	n|v
stab	adj|n|v
stability	n
stabilize	v
stable	adj|n|v
staccato	adj|adv|n
stack	n|v
stadium	n
staff	n|v
stage	n|v
stagecoach	n|v
stagger	n|v
staggering	adj|n|v
stagnant	adj
stagy	adj
staid	adj|v
stain	n|v
stained	adj|v
stainless	adj|n
stair	n
staircase	n|v
stairs	n
stairway	n
stake	n|v
stale	adj|n|v
stalemate	n|v
stalk	n|v
stall	n|v
stalwart	adj|n
stamina	n
stammer	n|v
stamp	n|v
stance	n|v
stanch	adj|adv|n|v
stand	n|v
standard	adj|interj|n
standardize	v
standardized	adj|v
standards	n
standing	adj|n|v
standpoint	n
standstill	n
stanza	n
staple	adj|n|v
star	n|v
star-crossed	adj
starch	adj|n|v
starchy	adj
stardom	n
stare	n|v
starfish	n|v
stark	adj|adv|n|v
start	adv|n|v
starter	n
starting	n|v
startle	n|v
startling	adj|n|v
starvation	n
starve	v
stash	n|v
stasis	n
state	adj|n|v
stately	adj|adv
statement	adj|n|v
states	n|v
statesman	n
static	adj|n
station	n|v
stationary	adj|n
stationery	adj|n
stations	n|v
statistical	adj
statistics	n|v
statuary	adj|n
statue	n|v
stature	n
status	n
statute	n
statutory	adj
stay	adj|adv|n|phrase|v
steadfast	adj
steadily	adv
steady	adj|adv|interj|n|phrase|v
steak	n|v
steal	n|v
stealth	adj|n|v
steam	adj|n|v
steamer	n|v
steel	adj|n|v
steep	adj|n|v
steeple	n|v
steer	n|v
steering	n|v
stellar	adj
stem	n|v
stench	n|v
stencil	n|v
stentorian	adj
step	n|v
steps	n|v
stereo	adj|n|v
stereophotograph	n
stereotype	adj|n|v
stereotyped	adj|v
sterile	adj
sterilize	v
sterling	adj|n
stern	adj|n|v
stethoscope	n|v
stew	n|v
steward	n|v
stewardess	n
stick	adj|n|v
stickler	n
stickpin	n
sticky	adj|n|v
stiff	adj|adv|n|v
stiffen	v
stiffness	n
stifle	n|v
stigma	n
stigmatize	v
still	adj|adv|n|v
stillness	n
stilt	n|v
stilted	adj|v
stimulant	adj|n
stimulate	v
stimulation	n
stimuli	n
stimulus	n
sting	n|v
stinginess	n
stingy	adj
stint	n|v
stipend	n|v
stipple	n|v
stipulate	adj|v
stipulation	n
stir	n|v
stitch	n|v
stock	adj|n|v
stockade	n|v
stockholder	n
stocking	n|v
stocky	adj
stodgy	adj
stoic	adj|n
stoke	n|v
stolid	adj
stomach	n|v
stomachache	n
stone	adj|adv|n|v
stonemason	n
stones	n|v
stonewall	adj|n|v
stony	adj|n
stool	n|v
stoop	n|v
stop	n|v
stopwatch	n|v
storage	n|v
store	n|v
storehouse	n|v
stores	n|v
storey	n
storm	n|v
stormy	adj|n
story	interj|n|v
stout	adj|n|v
stouthearted	adj
stove	n|v
stowaway	n
straggle	n|v
straight	adj|adv|n|v
straighten	v
straightforward	adj|adv
strain	n|v
strait	adj|adv|n|v
strand	n|v
stranded	adj|v
strange	adj|n|v
stranger	adj|n|v
strangler	n
strangulation	n
strap	n|v
strata	n
stratagem	n
strategic	adj
strategy	n
stratify	v
stratum	n
straw	adj|n|v
strawberry	adj|n|v
stray	adj|n|v
streak	n|v
stream	n|v
streamline	n|v
street	adj|n|v
strength	n|v
strengthen	v
strenuous	adj
strenuously	adv
stress	n|v
stressful	adj
stretch	n|v
strew	v
striate	adj|v
striated	adj|v
strict	adj
strictly	adv|n
stricture	n
stride	n|v
strident	adj|n
strife	n
strike	n|v
striking	adj|n|v
strikingly	adv
string	n|v
stringent	adj
strings	n|v
strip	n|v
stripe	n|v
strive	n|v
stroke	n|v
stroll	n|v
strong	adj|adv|n
stronger	adj
strongly	adv
structural	adj|n
structure	n|v
struggle	n|v
strut	adj|n|v
stub	n|v
stubborn	adj|n
stubbornness	n
student	adj|n
studied	adj|v
studies	n|v
studio	n
study	n|v
stuff	n|v
stuffy	adj|n
stultify	v
stumble	n|v
stun	n|v
stunning	adj|n|v
stunt	n|v
stupefy	v
stupendous	adj
stupid	adj|adv|n
stupor	n|v
sturdy	adj|n
stutter	n|v
stygian	adj|n
style	n|v
styles	n|v
stylized	adj|v
stylus	n
stymie	n|v
subcommittee	n
subdiscipline	n
subdivide	v
subdivision	n|v
subduct	v
subdue	v
subdued	adj|v
subject	adj|n|v
subjected	v
subjection	n
subjective	adj|n
subjects	n|v
subjugate	adj|n|v
subjugation	n
sublimate	n|v
sublime	adj|n|v
subliminal	adj|n
submarine	adj|n|v
submerge	v
submerged	adj|v
submission	n
submissive	adj|n
submit	v
subordinate	adj|n|v
suborn	v
subpoena	n|v
subscribe	v
subscript	adj|n|v
subscription	n
subsection	n|v
subsequent	adj|n
subsequently	adv
subside	v
subsidiary	adj|n
subsidize	v
subsidy	n
subsist	v
subsistence	n
subspecies	n
substance	n|v
substantial	adj|n
substantially	adv
substantiate	v
substantive	adj|n|v
substitute	n|v
substratum	n
subsume	v
subterfuge	n
subterranean	adj|n
subtitle	n|v
subtitles	n
subtle	adj|n|v
subtract	v
subtraction	n
subtractive	adj
suburb	n
suburbanite	n
suburbanization	n
subvention	n|v
subversive	adj|n
subvert	n|v
subway	n|v
succeed	v
success	n
successful	adj
successfully	adv
succession	n
successive	adj
successor	n
succinct	adj|adv
succor	n|v
succumb	v
such	det|n|pron
suck	n|v
sudden	adj|adv|n
suddenly	adv
sue	n|v
suffer	v
suffering	adj|n|v
suffice	v
sufficiency	n
sufficient	adj|det
sufficiently	adv
suffocate	adj|v
suffrage	n
suffragist	adj|n
suffuse	adj|v
sugar	interj|n|v
suggest	v
suggestion	n
suggestions	n
suggestive	adj
suicide	n|v
suit	n|v
suitable	adj
suitcase	n|v
suite	n
suited	adj|v
sulfur	adj|n|v
sulky	adj|n
sullen	adj|n|v
sully	n|v
sulphur	n|v
sultry	adj
sum	det|n|pron|v
summarily	adv
summarize	v
summary	adj|n
summation	n
summer	adj|n|v
summit	n|pron|v
summon	n|v
sumptuous	adj
sun	n|v
sunburn	n|v
sunburnt	adj|v
sunday	adv|n|v
sunder	adj|n|v
sundial	n
sundry	adj|adv|n|pron
sunflower	n
sunglasses	n
sunlight	n|v
sunlit	adj
sunny	adj|adv|n
sunrise	n|v
sunset	n|v
sunshine	adj|n
super	adj|adv|n|v
superannuated	adj|v
superb	adj
supercilious	adj
supercontinent	n
superficial	adj|n
superficiality	n
superficially	adv
superfluity	n
superfluous	adj
superheat	n|v
superimpose	v
superintend	v
superintendent	adj|n
superior	adj|n
superiority	n
superlative	adj|n
superman	n
supermarket	n
supernatural	adj|n
supernova	n
supersede	n|v
supersonic	adj|n
superstition	n
superstitious	adj
superstructure	n
supervise	v
supervision	n
supervisor	n
supine	adj|n
supper	n|v
supplant	v
supple	adj|n|v
supplement	n|v
supplementary	adj|n
supplementation	n
suppliant	adj|n
supplicant	adj|n
supplicate	v
supply	adv|n|v
support	n|v
suppose	v
supposedly	adv
supposition	n
suppress	v
supremacy	n
supreme	adj|n|v
supremely	adv
surcharge	n|v
sure	adj|adv|interj
surely	adv
surface	n|v
surfeit	adj|n|v
surge	n|v
surgeon	n
surgery	n
surging	n|v
surly	adj|adv
surmise	n|v
surmount	v
surname	n|v
surpass	v
surpassingly	adv
surplus	adj|n|v
surprise	interj|n|v
surprising	adj|n|v
surprisingly	adv
surrealism	n
surrender	n|v
surreptitious	adj
surrogate	adj|n|v
surround	n|v
surrounding	adj|n|v
surroundings	n
surveillance	n
survey	n|v
surveyor	n
survivability	n
survival	n
survive	v
survivor	n
susceptibility	n
susceptible	adj|n
suspect	adj|n|v
suspend	v
suspender	n
suspense	adj|n
suspension	n
suspicion	n|v
suspicious	adj
sustain	n|v
sustained	adj|v
sustenance	n
suture	n|v
svelte	adj
swagger	adj|n|v
swallow	n|v
swamp	n|v
swampy	adj
swan	n|v
swank	adj|n|v
swap	n|v
swarm	n|v
swarthy	adj|n
sway	n|v
swear	adj|n|v
sweat	n|v
sweater	n|v
sweep	n|v
sweeping	adj|n|v
sweet	adj|adv|interj|n|v
sweeten	n|v
sweetness	n
swell	adj|adv|n|v
swelling	n|v
swelter	n|v
sweltering	adj|n|v
swerve	n|v
swift	adj|adv|n
swiftness	n
swill	n|v
swim	n|pron|v
swimming	n|v
swindle	n|v
swine	n
swing	n|v
swipe	n|v
swirl	n|v
swiss	adj|n|v
switch	adj|n|v
switzerland	n
sword	n|v
sybarite	adj|n
sybaritic	adj
sycophant	n|v
sydney	n
syllable	n|v
syllabus	n
symbiosis	n
symbiotic	adj|n
symbol	n|v
symbolism	n
symbolize	v
symbology	n
symmetrical	adj
symmetry	n
sympathetic	adj|n
sympathize	v
sympathy	n
symphony	n
symposium	n
symptom	n
synchronize	v
synchronous	adj
syndicate	n|v
syndrome	n
synergic	adj
synonym	n|v
synonymous	adj
synopsis	n
synoptic	adj|n
synthesis	n
synthesize	v
synthesizer	n
synthetic	adj|n
syringe	n|v
syrup	n|v
system	n
systematic	adj|adv
systematical	adj
systematically	adv
systematize	v
systems	n
t-shirt	n
table	n|v
tableland	n
tables	n|v
tablet	n|v
tablets	n
tableware	n
taboo	adj|n|v
tabulate	adj|n|v
tacit	adj
taciturn	adj
tack	n|v
tackiness	n
tackle	n|v
tact	n|v
tactic	adj|n
tactics	n
tactile	adj
tadpole	n
tag	adj|n|v
tail	adj|n|v
tailor	n|v
taint	n|phrase|v
take	n|v
taking	adj|n|v
tale	n|v
talent	n
talented	adj
talisman	n|v
talk	n|v
tall	adj|n
tally	adv|interj|n|v
talon	n
tambourine	n|v
tame	adj|n|v
tamp	v
tamper	n|v
tan	adj|n|num|v
tangential	adj
tangible	adj|n
tangle	n|v
tango	n|v
tangy	adj
tank	adj|n|v
tanker	n|v
tantalize	v
tantamount	adj|n|v
tantrum	n|v
tap	n|v
tape	n|v
taper	adj|n|v
tapering	n|v
tapestry	n|v
tapeworm	n|v
tar	n|v
tardiness	n
tardy	adj|n|v
tare	n|v
target	n|v
tariff	n|v
tarnish	n|v
tarpaulin	n|v
tarry	adj|n|v
tart	adj|n|v
task	n|v
taste	adj|n|v
tasteless	adj
tasty	adj|n
tattered	adj|v
tatty	adj|n
taunt	adj|n|v
taut	adj|v
tauten	v
tautological	adj
tavern	n
tawdry	adj|n
tax	n|v
taxation	n
taxi	n|v
taxicab	n|v
taxing	adj|n|v
taxonomist	n
tea	adj|n|v
teach	n|v
teacher	n
teaching	n|v
team	interj|n|v
teams	n|v
teamwork	n
teapot	n
tear	n|v
tease	n|v
technical	adj|n
technician	n
technique	n
techniques	n
technocrat	n
technology	n
tectonics	n
tedious	adj
tedium	n
teem	n|v
teenager	n
teens	n
teeter	n|v
teeth	n|v
teetotal	adj|n|v
telecommuter	n
telegram	n|v
telegraph	n|v
telephone	n|v
telescope	n|v
televise	v
television	n|v
telex	n|v
tell	n|v
telling	adj|n|v
temerity	n
temp	adj|adv|n|v
temper	n|v
temperament	n
temperamental	adj
temperance	n
temperate	adj|v
temperature	n
tempest	n|v
tempestuous	adj
temple	n|v
temples	n|v
tempo	n
temporal	adj|n
temporarily	adv
temporary	adj|n
temporize	v
tempt	v
temptation	n
tempting	adj|n|v
ten	n|num
tenable	adj
tenacious	adj
tenacity	n
tenancy	n
tenant	n|v
tend	v
tendency	n
tendentious	adj
tender	adj|adv|n|v
tenderness	n
tendinous	adj
tenement	n
tenet	n
tennis	n|v
tenor	adj|n
tense	adj|n|v
tensile	adj
tension	n|v
tent	n|v
tentacle	n|v
tentative	adj|n
tenth	adj|n|v
tenuous	adj
tenure	n|v
tepid	adj
term	adj|n|v
terminal	adj|n|v
terminate	adj|v
termination	n
terminology	n
terminus	n
termite	n|v
terms	n|v
terrace	n|v
terrain	n
terrestrial	adj|n
terrible	adj|adv
terribly	adv
terrific	adj
terrify	v
terrifying	adj|v
territorial	adj|n
territory	n
terror	adj|n
terrorist	adj|n
terse	adj
tertiary	adj|n
test	n|v
testament	n|v
testator	n
testify	v
testimony	n
testiness	n
testy	adj
tether	n|num|v
text	n|v
textbook	adj|n
textile	adj|n
texture	adj|n|v
textured	adj|v
than	adv|conj|n|prep
thank	n|v
thankful	adj|n
thanksgiving	n
that	adv|conj|det|n|pron
thatch	n|v
thaw	n|v
the	adv|det|prep|pron
theater	n
theatre	n
theft	n
their	adv|det|phrase
theirs	pron
theist	n
them	det|pron
thematic	adj|n
theme	n|v
themselves	pron
then	adj|adv|conj|n
theocracy	n
theological	adj
theorem	n|v
theoretical	adj
theory	n
therapeutic	adj|n
therapist	n
therapy	n|v
there	adv|det|interj|n|phrase|pron
thereafter	adv|n
thereby	adv
therefore	adv
therein	adv
thereof	adv
thermal	adj|n|v
thermodynamics	n
thermometer	n
thermos	n
thesaurus	n
these	det|pron
thesis	n
thespian	adj|n
they	det|pron|v
thick	adj|adv|det|n|v
thicken	v
thicket	n
thickness	n|v
thief	n
thigh	n
thin	adj|adv|n|v
thing	n|v
think	n|v
thinking	n|v
third	adj|n|v
thirdly	adv
thirst	n|v
thirsty	adj|n
thirteen	num
thirty	n|num
this	adv|det|interj|n|pron
thorn	n|v
thorny	adj
thorough	adj|n|prep
thoroughly	adv
those	det|pron
though	adv|conj|v
thought	n|v
thoughtful	adj
thoughtless	adj
thoughts	n
thousand	num
thousand-fold	
thousandfold	adj|adv
thrall	adj|n|v
thrash	n|v
thread	n|v
threadbare	adj
threadlike	adj
threat	n|v
threaten	v
threateningly	adv
threats	n
three	n|num
three-dimensional	adj
thresh	v
threshold	n
thrift	n|v
thriftless	adj
thrifty	adj
thrill	n|v
thriller	n
thrive	v
throat	n|v
throes	n
throne	n|v
throng	adj|n|v
throttle	n|v
through	adj|adv|n|prep
throughout	adv|prep
throw	n|v
throwback	n
thrust	n|v
thumb	n|v
thump	n|v
thunder	n|v
thunderstorm	n
thursday	adv|n
thus	adv|n
thwart	adj|adv|n|prep|v
tibet	n
tick	n|v
ticket	n|v
tickets	n|v
tickle	adj|adv|n|v
tickler	n
ticklish	adj
tide	n|v
tidy	adj|interj|n|v
tie	n|v
tiff	n|v
tiger	n
tight	adj|adv|v
tighten	v
tightfisted	adj
tightly	adv
tile	n|v
tiles	n|v
till	conj|n|prep|v
tilt	n|v
timber	interj|n|v
timbre	n
time	interj|n|v
time-consuming	adj
timely	adj|adv
timetable	n|v
timeworn	adj
timid	adj
timidity	n
timorous	adj
tin	adj|n|v
tinder	n|v
tined	adj|v
tinge	n|v
tingle	n|v
tinker	n|v
tinplate	n|v
tint	n|phrase|v
tiny	adj|n
tip	n|v
tipple	n|v
tirade	n|v
tire	n|v
tired	adj|v
tiresome	adj
tissue	n|v
titanic	adj|n
title	interj|n|v
titular	adj|n
to	adv|conj|n|phrase|prep|v
toad	n|v
toady	adj|n|v
toast	n|v
tobacco	n|v
today	adj|adv|n
toddle	n|v
toe	n|v
toed	adj|v
together	adj|adv
toil	n|v
toilet	n|v
token	adj|n|v
tokyo	n
tolerable	adj|adv
tolerance	n|v
tolerant	adj|n
tolerate	v
toll	n|v
tomato	adj|n|v
tomb	n|v
tombstone	n|v
tomorrow	adv|n
ton	n
tone	n|pron|v
tones	n|v
tongs	n|v
tongue	n|v
tonic	adj|n|v
tonight	adv|n
tonsorial	adj
too	adv
tool	n|v
tools	n|v
tooth	n|v
toothache	n
toothbrush	n|v
toothed	adj|v
toothpaste	n|v
top	adj|adv|interj|n|v
topic	adj|n
topics	n
topographical	adj
topography	n
topple	n|v
topsoil	n|v
topsy-turvy	adj|adv|n|v
torch	n|v
torment	n|v
tornado	n|v
torpedo	n|v
torpid	adj|n
torpor	n
torque	n|v
torrent	adj|n|v
torrential	adj
torrid	adj
torso	n
tortoise	n
tortuous	adj
torture	n|v
toss	n|v
total	adj|n|v
totalitarian	adj|n
totality	n
totally	adv
totem	n
totter	n|v
touch	n|v
touchable	adj
touchdown	n
touched	adj|v
touching	adj|n|prep|v
touchstone	n
touchy	adj
tough	adj|interj|n|v
toupee	n
tour	n|v
touring	adj|n|v
tourism	n
tourist	n|v
tourists	n
tournament	n
tourniquet	n|v
tours	n|v
tousle	n|v
tout	n|v
tow	n|phrase|v
toward	adj|n|prep
towards	adj|adv|prep
towel	n|v
tower	n|v
towering	adj|n|v
town	n
toxic	adj
toxin	n
toy	adj|n|v
toys	n|v
trace	adj|n|v
traceable	adj
track	n|v
tract	n|v
tractability	n
tractable	adj
traction	n|v
tractor	n|v
trade	adj|n|v
trademark	adj|n|v
trader	n
tradesman	n
tradition	n|v
traditional	adj|n
traditionally	adv
traduce	v
traffic	adj|n|v
tragedy	n
tragic	adj|n
trail	n|v
train	n|v
trainer	n
training	n|v
trainload	n
trains	n|v
trait	n
traitor	adj|n|v
trajectory	n
tram	n|v
trammel	n|v
tramp	n|v
trample	n|v
trance	n|v
tranquil	adj
tranquility	n
transact	v
transaction	n
transcend	v
transcendent	adj|n
transcendental	adj|n
transcontinental	adj|n
transcribe	v
transcript	n|v
transfer	n|v
transfigure	v
transfix	n|v
transform	n|v
transformation	n
transformer	n
transfuse	v
transgress	v
transgression	n
transience	n
transient	adj|n
transistor	n
transit	n|v
transition	n|v
transitory	adj
translate	n|v
translation	n
translator	n
translucent	adj|n
transmission	n
transmit	v
transmitter	n
transmute	v
transparent	adj|n
transpire	v
transplant	n|v
transplantation	n
transport	n|v
transportation	n
transpose	adj|n|v
transverse	adj|n|v
trap	n|v
trapeze	n|v
trapper	n
trash	n|v
trauma	n
travel	n|v
traveler	n
travelers	n
traveling	adj|n|v
traverse	adj|adv|n|v
travesty	n|v
trawl	n|v
tray	n|v
treacherous	adj
treachery	n
tread	n|v
treadmill	n|v
treason	n
treasure	n|v
treasurer	n
treat	n|v
treatise	n
treatment	n
treaty	n|v
treble	adj|adv|n|v
tree	n|num|v
trees	n|v
trek	adj|n|v
tremble	n|v
tremendous	adj
tremendously	adv
tremor	n|v
tremulous	adj
trench	n|v
trenchant	adj
trend	n|v
trends	n|v
trepidation	n
trespass	n|v
trespasser	n
tresses	n|v
trial	adj|n|v
triangle	n
triangular	adj
tribal	adj|n
tribe	n|v
tribulation	n
tribunal	n
tributary	adj|n
tribute	n|v
tributes	n
trick	adj|n|v
trickery	n
trickle	n|v
trident	n
trifle	n|v
trifling	adj|n|v
trigger	adj|n|v
trillion	n|num
trilogy	n
trim	adj|adv|n|v
trinity	n
trinket	n|v
trio	n
trip	adj|n|v
triple	adj|n|v
tripod	n|v
trite	adj|n
triumph	n|v
triumphant	adj
trivia	n
trivial	adj|n
trolley	n|v
troop	n|v
trophy	n|v
tropic	adj|n
tropical	adj|n
tropics	n
trot	n|v
trouble	n|v
troublesome	adj
troubling	adj|n|v
trough	n|v
troupe	n|v
trousers	n
trove	n
trowel	n|v
truancy	n
truant	adj|n|v
truce	n|v
truck	n|v
truculent	adj
trudge	n|v
true	adj|adv|n|v
truism	n
truly	adv
trumpery	adj|n
trumpet	n|v
trumpeter	n
truncate	adj|v
trunk	n|v
truss	n|v
trust	adj|interj|n|v
trustworthy	adj
truth	n|v
try	adj|n|v
trying	adj|n|v
tub	n|v
tube	n|v
tuber	n
tuberculosis	n
tuck	n|v
tuesday	adv|n
tug	n|v
tuition	n
tulip	n
tumble	n|v
tumid	adj
tumour	n
tumult	n|v
tuna	n
tundra	n
tune	interj|n|v
tunnel	n|v
tunnels	n
turbine	n
turbulence	n
turbulent	adj
turf	n|v
turgid	adj
turkey	adj|n
turmoil	n|v
turn	n|v
turncoat	n|v
turning	n|v
turnip	n|v
turnover	adj|n
turnpike	n|v
turpitude	n
turquoise	adj|n
turret	n
turtle	n|v
tusk	n|v
tussle	n|v
tutelage	n
tutor	n|v
tutorial	adj|n
tuxedo	n
tv	n
twaddle	n|v
tweezers	n
twelfth	adj|n
twelve	n|num
twentieth	adj|n
twenty	n|num
twice	adv
twig	n|v
twilight	adj|n|v
twin	adj|n|v
twine	n|v
twinge	n|v
twinkle	n|v
twist	n|v
two	n|num
tycoon	n
type	adv|n|v
types	n|v
typewriter	n
typhoon	n|v
typical	adj|n
typify	v
typist	n
typo	n|v
typographical	adj
tyrannical	adj
tyranny	n
tyrant	adj|n|v
tyre	n|v
tyro	n
ubiquitous	adj
ugly	adj|n|v
ulcer	n|v
ulcerate	adj|v
ulterior	adj
ultimate	adj|n|v
ultimately	adv
ultimatum	n
ultramundane	adj
ultrasonic	adj
ultrasonics	n
ultraviolet	adj|n
umbrage	n|v
umbrella	n|v
umpire	n|v
unable	adj|interj|v
unadorned	adj|v
unaffected	adj|n|v
unaided	adj
unanimity	n
unanimous	adj
unassuming	adj
unavoidable	adj|n
unbearable	adj
unbecoming	adj|n|v
unbelievable	adj
unbend	v
unbiased	adj
unbidden	adj
unblemished	adj
unbridgeable	adj
unbridled	adj|v
unbroken	adj|v
uncanny	adj|n
uncertain	adj|n
uncharted	adj
uncle	interj|n|v
uncomfortable	adj
uncommitted	adj
unconditional	adj|n
unconscionable	adj
unconscious	adj|n
unconventional	adj|n
unconvincing	adj|v
uncooperative	adj
uncouth	adj
uncover	v
unctuous	adj
undaunted	adj
under	adj|adv|n|prep
underbid	n|v
undercut	adj|n|v
underdeveloped	adj|v
underdog	n
underestimate	n|v
underestimated	v
undergird	v
undergo	v
undergraduate	adj|n
underground	adj|adv|n|v
underhanded	adj|adv|n|v
underlie	v
underline	adj|n|v
underling	n
underlying	adj|n|v
undermine	v
underneath	adj|adv|n|prep
underplay	n|v
underrate	n|v
underscore	n|v
understand	interj|v
understanding	adj|n|v
understate	v
understated	adj|v
understatement	n
understudy	n|v
undertake	n|v
undertaking	n|v
underutilized	adj|v
underwater	adj|adv|n|v
underwear	n
underwrite	v
undeserved	adj
undesirable	adj|n
undifferentiated	adj
undirected	adj
undisputable	adj
undistorted	adj
undisturbed	adj
undivided	adj
undo	adj|n|v
undoubtedly	adv
undue	adj
undulate	adj|v
unearth	v
unearthly	adj
uneasy	adj
unemployed	adj|n
unemployment	n
unenlightened	adj
uneven	adj|v
unevenly	adv
unexceptionable	adj
unexceptional	adj
unexpected	adj|n
unexplored	adj
unfailing	adj
unfair	adj|v
unfasten	v
unfavorable	adj
unfeigned	adj
unfertilized	adj
unfit	adj|v
unflappable	adj
unfold	n|v
unfortunate	adj|n
unfortunately	adv
unfounded	adj
ungainly	adj|adv|n
ungrudging	adj
unguarded	adj
unguent	adj|n
unhappy	adj|n|v
unhealthy	adj
unicorn	adj|n|v
unidimensional	adj
unification	n
uniform	adj|n|v
uniformity	n
uniformly	adv
unify	v
unilateral	adj
unimaginable	adj
unimpassioned	adj
unimpeachable	adj
unimportant	adj
uninhabited	adj
uninitiated	adj|n
union	adj|n|v
unique	adj|n
uniqueness	n
unison	n
unit	adj|n
unite	n|v
united	adj|n|v
unity	n
universal	adj|n
universally	adv
universe	n
universities	n
university	n
univocal	adj|n
unjust	adj
unjustified	adj|v
unjustly	adv
unkempt	adj
unkind	adj
unknown	adj|n|v
unleash	v
unless	conj
unlike	adj|n|prep|v
unlikely	adj|adv|n
unlimited	adj
unload	v
unlock	n|v
unlucky	adj
unmarried	adj|n
unmatched	adj|v
unmitigated	adj
unmoved	adj
unnecessary	adj
unnoticed	adj
unobstructed	adj|v
unobtrusive	adj
unorthodox	adj
unpack	v
unpaid	adj
unpalatable	adj|n
unparalleled	adj
unpleasant	adj
unprecedented	adj
unpredictable	adj|n
unpremeditated	adj
unprepossessing	adj
unpretentious	adj
unprincipled	adj
unproductive	adj
unpromising	adj|v
unprovoked	adj|adv|v
unqualified	adj|v
unquestionably	adv
unquestioning	adj
unravel	v
unreasonable	adj
unregenerate	adj
unregulated	adj
unreliable	adj|n
unremitting	adj
unrepentant	adj
unrequited	adj
unreserved	adj|v
unrest	n
unrestrained	adj|v
unrestricted	adj
unruly	adj
unsafe	adj|v
unsatisfactory	adj
unscathed	adj
unscented	adj
unscrupulous	adj
unscrupulously	adv
unscrupulousness	n
unseasonably	adv
unseemly	adj|adv
unselfish	adj
unsettle	v
unsettling	adj|n|v
unsocial	adj
unsophisticated	adj
unsound	adj
unspoiled	adj
unspotted	adj|v
unstable	adj|v
unstinting	adj
unsubstantiated	adj|v
unsuccessful	adj
unsuitable	adj
untamed	adj
untapped	adj
unthreatening	adj
untie	v
until	conj|prep
untimely	adj|adv
untold	adj
untouched	adj|v
untoward	adj
untrue	adj
untutored	adj
unusual	adj|n
unusually	adv
unveil	v
unwarranted	adj
unwieldy	adj
unwilling	adj
unwitting	adj
unwonted	adj
unworldly	adj
up	adj|adv|n|prep|v
up-to-date	adj
upbraid	n|v
update	n|v
upfront	adj|adv|n|v
upgrade	adv|n|v
upheaval	n
uphold	n|v
upkeep	n|v
upland	adj|n
upon	prep
upper	adj|n
upright	adj|adv|n|v
uprising	n|v
uproar	n|v
uproarious	adj
uproot	n|v
upscale	adj|v
upset	adj|n|v
upside-down	adj|adv
upstage	adj|adv|n|v
upstairs	adj|adv|n
upstart	adj|n|v
upsurge	n|v
upswing	n|v
uptight	adj|n
uptodate	adj
upward	adj|adv|n
upwards	adv
uranium	n
urban	adj|n
urbane	adj
urbanism	n
urbanite	n
urbanization	n
urbanize	v
urchin	n
urge	n|v
urgency	n
urgent	adj
ursine	adj|n
us	adj|det|n|pron
usage	n
use	n|v
used	adj|v
useful	adj
useless	adj
user	n
usher	n|v
usual	adj|n
usually	adv
usurp	v
usury	n
utensil	n
utensils	n
utilitarian	adj|n
utility	adj|n
utilization	n
utilize	v
utmost	adj|n
utopia	n
utopian	adj|n
utter	adj|adv|n|v
utterance	n
utterly	adv
uxorious	adj
vacancies	n
vacancy	n
vacant	adj
vacate	v
vacation	n|v
vaccinate	v
vaccine	adj|n|v
vacillate	v
vacillation	n
vacuous	adj
vacuum	n|v
vagabond	adj|n|v
vagary	n
vagrancy	n
vagrant	adj|n
vague	adj|n|v
vain	adj|n|v
valediction	n
valedictory	adj|n
valetudinarian	adj|n
valiant	adj|n
valid	adj
validate	adj|v
validity	n
valley	n|v
valor	n
valorous	adj
valuable	adj|n
valuation	n
value	n|v
valve	n|v
vampire	n|v
van	n|v
vandalism	n
vandalize	v
vanguard	n
vanilla	adj|n
vanish	n|v
vanity	n
vanquish	v
vantage	n|v
vapid	adj
vapor	n|v
vaporization	n
vaporize	v
vaporous	adj
vapour	n|v
variability	n
variable	adj|n
variance	n
variant	adj|n
variation	n
varied	adj|v
variegate	adj|v
variegation	n
variety	n
various	adj|det
varnish	n|v
vary	n|v
vascular	adj
vase	n|v
vast	adj|n
vastness	n
vault	n|v
vaulted	adj|v
vaunting	n|v
vcd	n
veal	n|v
vector	n|v
veer	n|v
vegetable	adj|n
vegetarian	adj|n
vegetate	v
vegetation	n
vehement	adj
vehicle	n|v
veil	n|v
vein	n|v
veining	n|v
velocity	n
velvet	adj|n|v
venal	adj
vendetta	n
vendor	n|v
veneer	n|v
venerable	adj|n
venerate	v
veneration	n
vengeance	n
vengeful	adj
venial	adj
venom	adj|n|v
venomous	adj
vent	n|v
ventilate	v
ventilation	n
ventral	adj|n
ventriloquist	n
venture	n|v
venturesome	adj
venue	n
venus	n
veracious	adj
veracity	n
verb	n|v
verbal	adj|n|v
verbatim	adj|adv|n
verbiage	n
verbose	adj
verdant	adj
verdict	n
verdigris	n|v
verge	n|v
verified	adj|n|v
verify	v
verisimilar	adj
veritable	adj
vermin	n
vernacular	adj|n
vernal	adj|n
versatile	adj
verse	n|v
versed	adj|n|v
versemonger	n
version	n|v
versus	prep|v
vertebrate	adj|n
vertex	n
vertical	adj|n
vertigo	n
verve	n
very	adj|adv|n
vessel	n|v
vest	n|v
vestige	n
vestigial	adj|n
vestment	n
vesture	n|v
veteran	adj|n
veterinarian	adj|n
veterinary	adj|n
veto	n|v
vex	n|v
vexation	n
via	interj|n|prep
viability	n
viable	adj|n
viaduct	n
viands	n
vibrancy	n
vibrant	adj|n
vibrate	adj|n|v
vibration	n
vicar	n
vicarious	adj
vice	adj|n|prep|v
vicinity	n
vicious	adj|n
vicissitude	n
vicissitudinous	adj
victim	n|v
victimize	v
victor	n
victorious	adj
victory	interj|n|v
video	n|v
videocassette	n
videophone	n
videos	n|v
videotape	n|v
vie	n|v
view	n|v
viewer	n
viewpoint	n
vigilance	n
vigilant	adj
vigor	n
vigorous	adj
vigour	n
vile	adj|n
vilify	v
villa	n
village	n
villager	n
villainous	adj
vim	n
vindicate	v
vindication	n
vindictive	adj
vine	n
vinegar	n|v
vintner	n
violate	adj|v
violation	n
violence	n|v
violent	adj|n|v
violently	adv
violet	adj|n
violin	n|v
violinist	n
virago	n
viral	adj|n
virgin	adj|n
virile	adj
virility	n
virtual	adj|n
virtually	adv
virtue	n
virtuosity	n
virtuoso	adj|n
virtuous	adj
virulent	adj
virus	n|v
visa	n|v
visage	n
visas	n|v
visceral	adj
viscid	adj
viscosity	n
viscous	adj
visibility	n
visible	adj
vision	n|v
visionary	adj|n
visit	n|v
visitor	n
visitors	n
vista	n|v
visual	adj|n
visualize	v
vital	adj|n
vitalism	n
vitalist	adj|n
vitality	n
vitalize	v
vitally	adv
vitamin	n|v
vitamine	n
vitiate	v
vitreous	adj|n
vitrify	v
vitriolic	adj
vituperate	adj|v
vituperative	adj
vivacious	adj
vivacity	n
vivid	adj|n
vividly	adv
vocabulary	n
vocal	adj|n
vocalist	n
vocation	n
vocational	adj
vogue	n|v
voice	n|v
void	adj|n|v
volatile	adj|n
volcanic	adj|n
volcano	n|v
volition	n
volley	n|v
volleyball	n
volt	n|v
voltage	n
voluble	adj
volume	n|v
voluminous	adj
voluntary	adj|adv|n
volunteer	n|v
volunteers	n
voluptuous	adj
vomit	n|v
voracious	adj
voracity	n
votary	adj|n
vote	n|v
voter	n
vouch	n|v
voucher	n|v
vow	n|v
vowel	n|v
voyage	n|v
vulgar	adj|n
vulgarity	n
vulnerable	adj
vulpine	adj|n
vulture	adj|n|v
vying	n|v
waddle	n|v
wade	n|v
waffle	n|v
waft	n|v
wag	n|v
wage	n|v
wager	n|v
waggish	adj
waggon	n|v
wagon	n|v
wail	n|v
waist	n
wait	interj|n|v
waiter	n|v
waitress	n|v
waive	n|v
wake	n|v
waken	v
walk	n|v
walking	adj|n|v
walkman	n
walkout	n|v
wall	interj|n|v
wallet	n
wallop	n|v
wallow	adj|n|v
walls	n|v
walnut	adj|n
walrus	n|v
wan	adj|n|v
wand	n|v
wander	n|v
wanderlust	n|v
wane	n|v
wangle	n|v
want	n|v
wanton	adj|n|v
war	n|v
warble	n|v
ward	n|v
warden	n|v
wardrobe	n|v
ware	adj|n|v
warehouse	n|v
warfare	n|v
warm	adj|n|v
warming	n|v
warmonger	n|v
warmth	n
warn	n|v
warning	interj|n|v
warp	n|v
warrant	n|v
warrantable	adj
warranted	adj|v
warranty	n|v
warrior	n
wary	adj|v
wash	n|v
washing	n|v
washroom	n
wasp	n|v
waspish	adj
waste	adj|n|v
wasteful	adj
wastrel	n
watch	n|v
watchdog	n|v
watchful	adj
water	n|v
water-clock	
water-proof	adj
water-skiing	n
watercourse	n
waterfall	n|v
watermelon	n
waterproof	adj|n|v
watershed	adj|n
watertight	adj
watery	adj
watt	n
wave	n|v
wavelength	n
waver	n|v
wavy	adj|n
wax	adj|n|v
waxy	adj|n
way	adj|adv|interj|n|v
waylay	v
wayside	adj|n
we	det|n|pron
weak	adj
weaken	v
weakness	n
wealth	n
wealthy	adj|n
wean	n|v
weapon	n|v
wear	n|v
weariness	n
wearisome	adj
weary	adj|n|v
weasel	n|v
weather	adj|n|v
weathering	n|v
weatherman	n
weave	n|v
weaver	n
weaverbird	n
web	n|v
website	n
wed	n|v
wedding	n|v
wedge	n|v
wedge-shaped	adj
wednesday	adv|n
weed	n|v
weeds	n|v
week	interj|n
weekday	n
weekdays	adv|n
weekend	adj|n|v
weekends	adv|n|v
weekly	adj|adv|n
weep	n|v
weigh	n|v
weight	n|v
weird	adj|adv|n|v
welcome	adj|interj|n|v
weld	n|v
welfare	n|v
well	adj|adv|interj|n|v
well-being	n
well-groomed	adj
well-known	adj
welsh	adj|n|v
welter	adj|n|v
west	adj|adv|n|v
western	adj|n
westerner	n
westward	adj|adv|n
westwards	adv
wet	adj|n|phrase|v
wetland	n
whale	n|v
whales	n|v
wharf	n|v
what	adv|det|interj|n|phrase|pron
whatever	adj|adv|det|interj|n|pron
whatsoever	adv|det|pron
wheat	adj|n
wheedle	n|v
wheel	n|v
wheels	n|v
whelm	n|v
whelp	interj|n|v
when	adv|conj|interj|n|pron
whenever	adv|conj
where	adv|conj|n|pron
whereas	adv|conj|n
whereby	adv
wherever	adv|conj
whet	n|v
whether	conj|det|pron
which	conj|det|pron
whichever	det|pron
whiff	adj|interj|n|v
while	conj|n|prep|v
whilst	adv|conj
whim	n|v
whimsical	adj
whimsy	adj|n|v
whine	n|v
whip	n|v
whir	n|v
whirl	n|v
whirlpool	n|v
whisker	n
whisky	n
whisper	n|v
whistle	n|v
whit	n|prep
white	adj|n|v
whitewash	n|v
whittle	n|v
who	det|n|pron
whoever	pron
whole	adj|adv|n
wholesale	adj|adv|n|v
wholesaler	n
wholesome	adj
wholly	adv
whom	pron
whose	det|phrase|pron
why	adv|interj|n|v
wick	adj|n|v
wicked	adj|adv|n|v
wide	adj|adv|n
widely	adv
widen	n|v
widespread	adj
widow	n|v
width	n
wield	n|v
wife	n|v
wig	adj|interj|n|v
wiggle	n|v
wild	adj|adv|n|v
wilderness	n
wildlife	n
wile	n|v
wilful	adj
will	n|v
willful	adj
willing	adj|n|v
willingly	adv
willingness	n
willow	n|v
willowy	adj
wilt	n|v
wily	adj
win	n|phrase|v
wince	n|v
wind	n|v
windbag	n|v
windbreaker	n
windfall	n
winding	adj|n|v
windmill	n|v
window	n|v
windswept	adj
windy	adj|n
wine	n|v
wing	n|v
wingspan	n
wink	n|v
winkle	n|v
winner	n
winnow	n|v
winsome	adj
winter	adj|n|v
wipe	n|v
wire	n|v
wireless	adj|n|v
wiretap	n|v
wisdom	n
wise	adj|n|v
wish	n|v
wispy	adj
wistful	adj
wit	n|prep|v
witch	n|v
with	adv|n|prep
withdraw	n|v
withdrawal	n
wither	adv|n|v
withhold	n|v
within	adj|adv|prep
without	adv|conj|prep
withstand	v
witness	n|v
witticism	n
witty	adj|n
wizardry	n
wizen	adj|v
wizened	adj|v
wobble	n|v
woe	adj|interj|n
wolf	n|v
wollongong	n
woman	n|v
wonder	n|v
wonderful	adj|adv
wont	adj|n|v
woo	adj|interj|n|v
wood	adj|n|v
woodcut	n
wooden	adj|n
woodpecker	n
woods	n|v
wool	n
woolen	adj|n
woollen	adj|n
woolly	adj|n
word	interj|n|v
wording	n|v
words	n|v
work	n|v
workday	adj|n
worker	n
workforce	n
working	adj|n|v
workload	n
workman	n
workmate	n
workpiece	n
workplace	n
works	n|v
workshop	n|v
workshops	n|v
world	n|v
world-wide	adj|adv
worldly	adj|adv
worldwide	adj|adv
worm	n|v
worn	adj|v
worried	adj|v
worry	n|v
worse	adj|adv|n|v
worship	n|v
worst	adj|adv|n|v
worth	adj|n|v
worthless	adj
worthwhile	adj
worthy	adj|n|v
would	interj|n|v
wound	n|v
wounded	adj|v
wraith	n
wrangle	n|v
wrangler	n
wrap	n|v
wrath	adj|n|v
wreak	n|v
wreath	n|v
wreathe	v
wreck	n|v
wreckage	n
wren	n
wrench	n|v
wrestle	n|v
wrestling	n|v
wretched	adj
wright	n|v
wring	n|v
wrinkle	n|v
wrist	n|v
wristwatch	n
writ	n|v
write	n|v
writer	n
writing	n|v
wrong	adj|adv|n|v
wrought	adj|v
wry	adj|n|v
x-ray	adj|n|v
xenophobe	adj|n
xenophobia	n
xerophyte	n
xerox	n|v
yacht	n|v
yard	n|v
yardstick	n
yarn	n|v
yaw	n|v
yawn	n|v
year	n
yearly	adj|adv|n
yearn	n|v
yeast	n|v
yell	adj|n|v
yellow	adj|interj|n|v
yelp	n|v
yen	n|v
yeoman	n
yes	det|interj|n|phrase|v
yesterday	adv|n
yet	adv|conj|n|v
yield	n|v
yielding	adj|n|v
yoga	n
yoghurt	n
yoke	n|v
yokel	n
yolk	n|v
york	n|v
you	det|n|pron|v
young	adj|n|v
youngster	n
your	det|phrase|pron
yours	pron
yourself	pron
yourselves	pron
youth	n
youthful	adj
yummy	adj|n
zeal	n
zealot	n
zealotry	n
zealous	adj
zebra	n
zenith	n
zephyr	n|v
zero	adj|det|n|num|v
zest	n|v
zesty	adj
zigzag	adj|adv|n|v
zinc	n|v
zip	interj|n|v
zipper	n|v
zone	n|v
zoo	n
zoology	n
zoom	interj|n|v
